id,date,client_id,card_id,amount,use_chip,merchant_id,merchant_city,merchant_state,zip,mcc
7475327,1/1/2010 0:01,1556,2972,($77.00),Swipe Transaction,59935,Beulah,ND,58523,5499
7475328,1/1/2010 0:02,561,4575,$14.57 ,Swipe Transaction,67570,Bettendorf,IA,52722,5311
7475329,1/1/2010 0:02,1129,102,$80.00 ,Swipe Transaction,27092,Vista,CA,92084,4829
7475331,1/1/2010 0:05,430,2860,$200.00 ,Swipe Transaction,27092,Crown Point,IN,46307,4829
7475332,1/1/2010 0:06,848,3915,$46.41 ,Swipe Transaction,13051,Harwood,MD,20776,5813
7475333,1/1/2010 0:07,1807,165,$4.81 ,Swipe Transaction,20519,Bronx,NY,10464,5942
7475334,1/1/2010 0:09,1556,2972,$77.00 ,Swipe Transaction,59935,Beulah,ND,58523,5499
7475335,1/1/2010 0:14,1684,2140,$26.46 ,Online Transaction,39021,ONLINE,,,4784
7475336,1/1/2010 0:21,335,5131,$261.58 ,Online Transaction,50292,ONLINE,,,7801
7475337,1/1/2010 0:21,351,1112,$10.74 ,Swipe Transaction,3864,Flushing,NY,11355,5813
7475338,1/1/2010 0:23,554,3912,$3.51 ,Swipe Transaction,67570,Pearland,TX,77581,5311
7475339,1/1/2010 0:23,605,5061,$2.58 ,Swipe Transaction,75781,Brooklyn,NY,11210,5411
7475340,1/1/2010 0:26,1556,2972,$39.63 ,Swipe Transaction,59935,Beulah,ND,58523,5499
7475341,1/1/2010 0:27,1797,1127,$43.33 ,Swipe Transaction,33326,Kahului,HI,96732,4121
7475342,1/1/2010 0:30,114,3398,$49.42 ,Swipe Transaction,61195,North Hollywood,CA,91606,5541
7475343,1/1/2010 0:31,1634,2464,$1.09 ,Swipe Transaction,20519,San Benito,TX,78586,5942
7475344,1/1/2010 0:32,646,2093,$73.79 ,Swipe Transaction,1636,Erie,PA,16511,7538
7475345,1/1/2010 0:32,1129,5492,$100.00 ,Swipe Transaction,27092,Vista,CA,92084,4829
7475346,1/1/2010 0:34,394,4717,$26.04 ,Online Transaction,39021,ONLINE,,,4784
7475347,1/1/2010 0:36,114,3398,($64.00),Swipe Transaction,61195,North Hollywood,CA,91606,5541
7475348,1/1/2010 0:36,1376,2182,$54.27 ,Swipe Transaction,88945,Cedar Park,TX,78613,5813
7475349,1/1/2010 0:37,1682,238,$20.74 ,Swipe Transaction,21586,Grand Forks,ND,58201,5411
7475350,1/1/2010 0:38,114,3398,$64.00 ,Swipe Transaction,61195,North Hollywood,CA,91606,5541
7475351,1/1/2010 0:38,121,5952,$57.54 ,Swipe Transaction,11901,Menasha,WI,54952,5300
7475353,1/1/2010 0:43,301,3742,$10.17 ,Online Transaction,39021,ONLINE,,,4784
7475354,1/1/2010 0:43,1755,4228,$12.01 ,Swipe Transaction,28666,Cordele,GA,31015,5921
7475356,1/1/2010 0:45,566,3439,$16.86 ,Online Transaction,16798,ONLINE,,,4121
7475357,1/1/2010 0:46,379,3881,$4.64 ,Swipe Transaction,50783,Mobile,AL,36695,5411
7475358,1/1/2010 0:48,401,3004,$669.88 ,Swipe Transaction,68977,West Covina,CA,91791,3174
7475359,1/1/2010 0:48,1127,3869,$22.57 ,Online Transaction,39021,ONLINE,,,4784
7475360,1/1/2010 0:49,652,4293,$2.40 ,Swipe Transaction,74624,East Hartford,CT,6108,5411
7475361,1/1/2010 0:53,1963,3317,$40.35 ,Swipe Transaction,69972,Vacaville,CA,95687,5814
7475362,1/1/2010 0:56,1357,4488,$14.57 ,Swipe Transaction,78632,Tacoma,WA,98404,5921
7475363,1/1/2010 0:57,285,3442,$7.80 ,Swipe Transaction,81536,Watsonville,CA,95076,5310
7475364,1/1/2010 0:57,1201,16,$2.95 ,Swipe Transaction,61195,Woburn,MA,1801,5541
7475365,1/1/2010 1:01,820,127,$270.22 ,Online Transaction,73186,ONLINE,,,4814
7475366,1/1/2010 1:03,1703,2969,$78.00 ,Swipe Transaction,43293,Grand Junction,CO,81506,5499
7475367,1/1/2010 1:06,1758,4686,$87.09 ,Online Transaction,17976,ONLINE,,,4900
7475368,1/1/2010 1:07,414,2815,$148.39 ,Swipe Transaction,5258,Morristown,NJ,7960,4900
7475370,1/1/2010 1:07,1963,3364,$48.12 ,Swipe Transaction,88646,Vacaville,CA,95688,5812
7475371,1/1/2010 1:08,561,3764,$7.75 ,Swipe Transaction,86977,Burlington,IA,52601,5813
7475372,1/1/2010 1:11,566,5577,$14.66 ,Online Transaction,16798,ONLINE,,,4121
7475373,1/1/2010 1:11,1642,4281,$3.96 ,Swipe Transaction,44625,Manasquan,NJ,8736,5812
7475374,1/1/2010 1:13,1684,94,$12.67 ,Online Transaction,39021,ONLINE,,,4784
7475376,1/1/2010 1:19,989,2511,$580.98 ,Swipe Transaction,73661,Thackerville,OK,73459,7995
7475377,1/1/2010 1:19,1519,2452,$10.34 ,Swipe Transaction,12399,Laurel,MT,59044,5813
7475378,1/1/2010 1:19,1575,2112,$17.14 ,Swipe Transaction,29232,Osprey,FL,34229,4121
7475379,1/1/2010 1:22,986,4755,$1.85 ,Swipe Transaction,14528,Garden City,NY,11530,5499
7475380,1/1/2010 1:23,1703,2969,$71.72 ,Swipe Transaction,43293,Grand Junction,CO,81506,5499
7475381,1/1/2010 1:25,430,5768,$200.00 ,Swipe Transaction,27092,Crown Point,IN,46307,4829
7475382,1/1/2010 1:25,1703,2969,($78.00),Swipe Transaction,43293,Grand Junction,CO,81506,5499
7475383,1/1/2010 1:30,1357,65,$23.08 ,Swipe Transaction,80797,Tacoma,WA,98404,5813
7475385,1/1/2010 1:37,1484,2527,$40.00 ,Swipe Transaction,27092,Pinetop,AZ,85935,4829
7475388,1/1/2010 1:40,1077,2539,$2.43 ,Swipe Transaction,46284,Ukiah,CA,95482,5411
7475389,1/1/2010 1:40,1787,2228,$3.77 ,Swipe Transaction,20519,Lexington,KY,40515,5942
7475390,1/1/2010 1:41,247,4155,$3.29 ,Swipe Transaction,92883,Lake Charles,LA,70605,5812
7475391,1/1/2010 1:41,1087,1029,$62.98 ,Online Transaction,17976,ONLINE,,,4900
7475394,1/1/2010 1:46,1575,224,$34.34 ,Online Transaction,16798,ONLINE,,,4121
7475395,1/1/2010 1:47,1731,2797,$73.46 ,Swipe Transaction,18293,Fontana,CA,92336,7995
7475396,1/1/2010 1:48,125,2023,$9.16 ,Swipe Transaction,23462,Modesto,CA,95351,5813
7475397,1/1/2010 1:48,989,4124,$541.29 ,Swipe Transaction,40475,Arlington Heights,IL,60005,7802
7475398,1/1/2010 1:53,63,60,$30.69 ,Swipe Transaction,32175,Newark,NJ,7104,7538
7475399,1/1/2010 1:54,152,2848,$177.41 ,Swipe Transaction,86616,Muscle Shoals,AL,35661,4814
7475400,1/1/2010 1:54,597,4540,$14.20 ,Swipe Transaction,66541,San Francisco,CA,94131,5300
7475401,1/1/2010 1:54,1449,241,$119.23 ,Online Transaction,87530,ONLINE,,,4900
7475402,1/1/2010 1:55,1755,4228,$10.61 ,Swipe Transaction,82981,Dublin,GA,31021,5912
7475403,1/1/2010 1:56,760,5876,$52.98 ,Online Transaction,39021,ONLINE,,,4784
7475404,1/1/2010 1:56,1642,4281,$3.35 ,Swipe Transaction,44625,Manasquan,NJ,8736,5812
7475406,1/1/2010 1:58,1542,2906,$39.05 ,Swipe Transaction,58215,Cleveland,OH,44118,5813
7475407,1/1/2010 2:00,727,4295,$6.79 ,Swipe Transaction,72351,Saint Louis,MO,63112,5541
7475410,1/1/2010 2:05,1097,4690,$100.00 ,Swipe Transaction,27092,Grand Rapids,MI,49548,4829
7475411,1/1/2010 2:05,1453,1117,$196.22 ,Swipe Transaction,5009,Middletown,NY,10940,7011
7475412,1/1/2010 2:06,1024,1006,$3.83 ,Swipe Transaction,2177,Colwich,KS,67030,5411
7475413,1/1/2010 2:07,858,13,$1.87 ,Swipe Transaction,81833,Gonzales,TX,78629,5912
7475414,1/1/2010 2:08,1084,3454,$6.63 ,Swipe Transaction,45926,Tacoma,WA,98403,5814
7475415,1/1/2010 2:08,1622,2877,$8.30 ,Swipe Transaction,43293,Canton,MA,2021,5499
7475416,1/1/2010 2:09,1787,2228,$2.75 ,Swipe Transaction,75781,Lexington,KY,40509,5411
7475417,1/1/2010 2:11,34,1166,$4.07 ,Swipe Transaction,49789,Sacramento,CA,95829,5541
7475419,1/1/2010 2:12,1424,4710,$2.31 ,Swipe Transaction,95811,Seligman,AZ,86337,5411
7475420,1/1/2010 2:13,121,5952,$0.21 ,Swipe Transaction,61195,Menasha,WI,54952,5541
7475421,1/1/2010 2:13,989,2938,$396.03 ,Swipe Transaction,73661,Thackerville,OK,73459,7995
7475422,1/1/2010 2:13,1453,1117,($460.00),Swipe Transaction,5009,Middletown,NY,10940,7011
7475423,1/1/2010 2:14,474,2493,$91.02 ,Swipe Transaction,35451,Williston Park,NY,11596,5812
7475424,1/1/2010 2:15,1142,4674,$3.68 ,Swipe Transaction,59397,Cohasset,MA,2025,5812
7475425,1/1/2010 2:16,241,58,$38.11 ,Online Transaction,17976,ONLINE,,,4900
7475426,1/1/2010 2:17,461,5482,$25.97 ,Swipe Transaction,45389,Canton,MI,48188,5813
7475427,1/1/2010 2:17,1776,4938,$66.05 ,Online Transaction,39021,ONLINE,,,4784
7475429,1/1/2010 2:22,595,4667,$33.02 ,Swipe Transaction,71416,Bullock,NC,27507,4900
7475430,1/1/2010 2:22,972,4166,$103.97 ,Swipe Transaction,18966,Markesan,WI,53946,4900
7475431,1/1/2010 2:25,212,2418,$2.33 ,Swipe Transaction,61195,Dallas,TX,75227,5541
7475432,1/1/2010 2:25,1214,5508,$51.58 ,Online Transaction,98436,ONLINE,,,5192
7475434,1/1/2010 2:28,178,4261,$57.43 ,Swipe Transaction,78454,Grain Valley,MO,64029,5812
7475435,1/1/2010 2:31,1077,4104,$2.87 ,Swipe Transaction,61195,Ukiah,CA,95482,5541
7475436,1/1/2010 2:32,1155,5784,$27.63 ,Swipe Transaction,1903,Miami,FL,33127,5812
7475437,1/1/2010 2:33,1443,4730,$76.76 ,Swipe Transaction,59288,Waianae,HI,96792,5912
7475438,1/1/2010 2:35,387,4601,$9.10 ,Swipe Transaction,75936,Amherst,OH,44001,5814
7475439,1/1/2010 2:35,1998,2160,$0.75 ,Swipe Transaction,99312,Burlingame,CA,94010,5411
7475440,1/1/2010 2:39,706,4284,$160.00 ,Swipe Transaction,27092,Boulder Creek,CA,95006,4829
7475441,1/1/2010 2:40,503,1088,$28.21 ,Swipe Transaction,20561,Chicago,IL,60629,5912
7475442,1/1/2010 2:40,714,2958,$44.86 ,Swipe Transaction,1238,Fayetteville,AR,72703,7393
7475443,1/1/2010 2:44,908,5154,$57.73 ,Swipe Transaction,68751,Holly Springs,NC,27540,5651
7475444,1/1/2010 2:45,758,2181,$6.52 ,Swipe Transaction,75781,Alhambra,CA,91801,5411
7475446,1/1/2010 2:48,1411,1069,$4.04 ,Swipe Transaction,10455,Saint Charles,IL,60174,5812
7475447,1/1/2010 2:51,140,152,$3.93 ,Swipe Transaction,61195,Woodbury,TN,37190,5541
7475449,1/1/2010 2:51,1424,4710,$5.12 ,Swipe Transaction,95811,Seligman,AZ,86337,5411
7475450,1/1/2010 2:52,843,184,$19.15 ,Swipe Transaction,73365,Terre Haute,IN,47805,5651
7475452,1/1/2010 2:57,895,217,$58.85 ,Swipe Transaction,88544,Big Bear Lake,CA,92315,5300
7475453,1/1/2010 2:57,1313,4183,$2.77 ,Swipe Transaction,61746,Sutersville,PA,15083,5411
7475454,1/1/2010 2:57,1459,3383,$2.75 ,Swipe Transaction,47756,Albuquerque,NM,87121,5411
7475455,1/1/2010 2:59,474,2493,$115.37 ,Swipe Transaction,98648,Williston Park,NY,11596,5814
7475456,1/1/2010 3:02,1802,5836,$77.70 ,Swipe Transaction,60569,Somerset,NJ,8873,5300
7475457,1/1/2010 3:03,702,4199,$120.87 ,Swipe Transaction,61195,Huntington Station,NY,11746,5541
7475458,1/1/2010 3:06,461,5482,$23.86 ,Swipe Transaction,45389,Canton,MI,48188,5813
7475459,1/1/2010 3:08,169,3256,$11.18 ,Swipe Transaction,2205,Sumter,SC,29153,5813
7475460,1/1/2010 3:08,957,4532,($147.00),Swipe Transaction,44795,Marysville,OH,43040,3780
7475461,1/1/2010 3:09,140,152,$3.92 ,Swipe Transaction,75936,Whites Creek,TN,37189,5814
7475462,1/1/2010 3:09,843,184,$27.29 ,Swipe Transaction,73365,Terre Haute,IN,47805,5651
7475463,1/1/2010 3:11,1921,1181,$40.89 ,Online Transaction,59350,ONLINE,,,7922
7475464,1/1/2010 3:13,957,4532,$14.21 ,Swipe Transaction,44795,Marysville,OH,43040,3780
7475465,1/1/2010 3:16,1920,3415,$24.47 ,Swipe Transaction,35001,Oak Park,MN,56357,5813
7475466,1/1/2010 3:17,319,248,$29.60 ,Swipe Transaction,54850,Fresno,CA,93727,4814
7475467,1/1/2010 3:17,613,1191,$22.77 ,Swipe Transaction,44919,Lombard,IL,60148,5814
7475468,1/1/2010 3:20,121,5952,$58.47 ,Online Transaction,80770,ONLINE,,,7922
7475469,1/1/2010 3:23,1787,2228,$37.09 ,Swipe Transaction,96712,Lexington,KY,40509,5813
7475470,1/1/2010 3:26,609,2892,$11.44 ,Swipe Transaction,46284,Garland,TX,75040,5411
7475471,1/1/2010 3:27,1209,3387,$4.78 ,Swipe Transaction,50783,New Rochelle,NY,10801,5411
7475473,1/1/2010 3:29,895,1116,$35.23 ,Swipe Transaction,45188,Big Bear Lake,CA,92315,5651
7475474,1/1/2010 3:32,819,3245,$102.27 ,Swipe Transaction,51664,Pittsburgh,PA,15224,4900
7475475,1/1/2010 3:32,1237,2092,$3.58 ,Swipe Transaction,75936,Waukegan,IL,60085,5814
7475476,1/1/2010 3:32,1538,3206,$14.36 ,Swipe Transaction,98374,Nazareth,PA,18064,5411
7475477,1/1/2010 3:36,1686,2617,$176.44 ,Swipe Transaction,1827,Lafayette,CO,80026,5912
7475478,1/1/2010 3:49,442,112,$120.00 ,Swipe Transaction,27092,Belleville,IL,62221,4829
7475479,1/1/2010 3:51,1209,3387,$4.39 ,Swipe Transaction,50783,New Rochelle,NY,10801,5411
7475480,1/1/2010 3:52,618,3411,$6.72 ,Swipe Transaction,75781,Manhattan Beach,CA,90266,5411
7475481,1/1/2010 3:52,1941,2940,$13.79 ,Swipe Transaction,56241,Campbell,TX,75422,5310
7475482,1/1/2010 3:53,241,3921,$63.50 ,Swipe Transaction,70766,Rockingham,NC,28379,5651
7475483,1/1/2010 3:56,377,4602,$59.44 ,Swipe Transaction,55604,Withee,WI,54498,7538
7475485,1/1/2010 3:57,185,5361,$15.89 ,Online Transaction,39261,ONLINE,,,5815
7475486,1/1/2010 4:01,421,2177,$96.63 ,Swipe Transaction,20561,Ottumwa,IA,52501,5912
7475487,1/1/2010 4:05,1382,2838,$93.13 ,Swipe Transaction,22014,Dallas,TX,75253,4900
7475488,1/1/2010 4:06,1080,2562,$31.50 ,Swipe Transaction,85304,Eastman,GA,31023,5310
7475489,1/1/2010 4:13,1413,4673,$1.62 ,Swipe Transaction,20519,Jasper,IN,47546,5942
7475490,1/1/2010 4:14,585,5881,$20.86 ,Online Transaction,41122,ONLINE,,,4784
7475491,1/1/2010 4:17,356,3251,$7.71 ,Online Transaction,50404,ONLINE,,,4784
7475492,1/1/2010 4:17,1920,2791,$33.19 ,Swipe Transaction,35001,Oak Park,MN,56357,5813
7475493,1/1/2010 4:18,816,5066,$108.13 ,Swipe Transaction,98374,Church Hill,TN,37642,5411
7475494,1/1/2010 4:21,103,5113,$166.34 ,Online Transaction,56276,ONLINE,,,4899
7475495,1/1/2010 4:21,1635,115,$14.50 ,Swipe Transaction,45501,Jamaica,NY,11434,5912
7475496,1/1/2010 4:22,1313,4183,$3.36 ,Swipe Transaction,98374,Slovan,PA,15078,5411
7475497,1/1/2010 4:25,20,3857,$2.56 ,Swipe Transaction,59397,Weatherford,TX,76086,5812
7475498,1/1/2010 4:27,1736,113,$55.79 ,Swipe Transaction,24823,Brooklyn,NY,11211,7538
7475499,1/1/2010 4:28,1812,2531,$174.06 ,Swipe Transaction,68671,North Little Rock,AR,72116,5541
7475500,1/1/2010 4:30,1905,5807,$54.98 ,Online Transaction,73186,ONLINE,,,4814
7475501,1/1/2010 4:31,526,5917,$22.23 ,Online Transaction,16798,ONLINE,,,4121
7475502,1/1/2010 4:31,1378,2921,$60.00 ,Swipe Transaction,27092,Suring,WI,54174,4829
7475505,1/1/2010 4:38,100,5903,$60.09 ,Swipe Transaction,20916,Hillsborough,NC,27278,5651
7475506,1/1/2010 4:38,839,4725,$74.76 ,Swipe Transaction,32175,Danbury,CT,6810,7538
7475507,1/1/2010 4:39,1629,4290,$29.93 ,Swipe Transaction,95377,Fort Lauderdale,FL,33313,5912
7475508,1/1/2010 4:44,1807,2823,$119.42 ,Swipe Transaction,84708,Bronx,NY,10463,4900
7475509,1/1/2010 4:45,1718,4706,$46.21 ,Online Transaction,15143,ONLINE,,,4784
7475510,1/1/2010 4:49,1629,4290,$26.38 ,Online Transaction,39021,ONLINE,,,4784
7475511,1/1/2010 4:49,1880,2014,$67.09 ,Swipe Transaction,40475,Arlington Heights,IL,60005,7802
7475512,1/1/2010 4:51,1563,5125,$1.14 ,Swipe Transaction,14528,Los Angeles,CA,90004,5499
7475513,1/1/2010 4:52,1728,153,$69.85 ,Swipe Transaction,49286,Waupaca,WI,54981,5300
7475514,1/1/2010 4:54,33,2404,$8.73 ,Swipe Transaction,50783,Spring Creek,NV,89815,5411
7475515,1/1/2010 4:54,464,3233,$104.40 ,Swipe Transaction,32175,Orlando,FL,32804,7538
7475516,1/1/2010 4:56,464,3233,$104.10 ,Swipe Transaction,32175,Orlando,FL,32804,7538
7475517,1/1/2010 4:58,984,2796,$79.70 ,Swipe Transaction,60569,Kissimmee,FL,34758,5300
7475518,1/1/2010 4:58,1148,5804,$2.68 ,Swipe Transaction,59935,Philadelphia,PA,19146,5499
7475519,1/1/2010 5:04,1540,5562,$46.05 ,Online Transaction,39021,ONLINE,,,4784
7475520,1/1/2010 5:05,1102,2822,$185.60 ,Online Transaction,80770,ONLINE,,,7922
7475521,1/1/2010 5:09,1378,4227,$60.00 ,Swipe Transaction,27092,Suring,WI,54174,4829
7475522,1/1/2010 5:10,630,2059,$60.00 ,Swipe Transaction,27092,Jacksonville,FL,32221,4829
7475523,1/1/2010 5:10,1455,2960,$11.78 ,Swipe Transaction,76199,San Diego,CA,92102,5813
7475524,1/1/2010 5:12,1445,3722,$4.43 ,Online Transaction,39021,ONLINE,,,4784
7475525,1/1/2010 5:12,1964,2508,$18.24 ,Swipe Transaction,715,Clayton,NC,27520,7230
7475526,1/1/2010 5:15,847,4531,$140.00 ,Swipe Transaction,27092,Billings,OK,74630,4829
7475527,1/1/2010 5:15,1098,4626,$6.76 ,Swipe Transaction,50867,Hawarden,IA,51023,5541
7475528,1/1/2010 5:16,1541,228,$4.22 ,Swipe Transaction,61806,Clinton,TN,37716,5912
7475529,1/1/2010 5:19,595,4666,$67.25 ,Swipe Transaction,94050,Bunn,NC,27508,5655
7475531,1/1/2010 5:20,1356,4752,$48.76 ,Swipe Transaction,76639,Fond Du Lac,WI,54935,5732
7475532,1/1/2010 5:24,641,14,$8.84 ,Swipe Transaction,41943,Columbus,OH,43228,5813
7475533,1/1/2010 5:26,961,4584,$36.53 ,Swipe Transaction,42465,Wilkes Barre,PA,18703,5813
7475534,1/1/2010 5:30,1034,4622,$41.30 ,Online Transaction,17976,ONLINE,,,4900
7475535,1/1/2010 5:33,503,1088,$16.71 ,Swipe Transaction,32175,Chicago,IL,60630,7538
7475537,1/1/2010 5:36,1759,4232,$3.03 ,Swipe Transaction,23481,Oceanside,CA,92057,5812
7475538,1/1/2010 5:38,470,5097,$6.83 ,Swipe Transaction,22938,Wister,OK,74966,5812
7475539,1/1/2010 5:38,1696,2408,$4.02 ,Swipe Transaction,35451,Merritt Island,FL,32952,5812
7475540,1/1/2010 5:38,1769,43,$0.18 ,Swipe Transaction,86438,Manahawkin,NJ,8050,5499
7475541,1/1/2010 5:40,303,4194,$80.00 ,Swipe Transaction,27092,Brighton,CO,80602,4829
7475542,1/1/2010 5:40,550,163,$1.98 ,Swipe Transaction,50783,Mecosta,MI,49332,5411
7475543,1/1/2010 5:41,1676,134,$66.98 ,Swipe Transaction,21189,Elk Grove Village,IL,60007,5812
7475544,1/1/2010 5:43,185,5361,$2.91 ,Swipe Transaction,25705,Elizabeth,NJ,7201,5411
7475545,1/1/2010 5:43,810,4309,$16.16 ,Swipe Transaction,2124,Springfield,KY,40069,5812
7475546,1/1/2010 5:43,1540,3763,$46.01 ,Online Transaction,39021,ONLINE,,,4784
7475547,1/1/2010 5:46,1513,2965,$1.00 ,Swipe Transaction,86438,Dryden,NY,13053,5499
7475548,1/1/2010 5:46,1776,4938,$11.91 ,Swipe Transaction,73840,Nashport,OH,43830,5912
7475551,1/1/2010 5:48,52,4976,$115.82 ,Swipe Transaction,26810,Plattekill,NY,12568,5541
7475552,1/1/2010 5:48,246,1158,$34.46 ,Swipe Transaction,53187,Minneapolis,MN,55419,5813
7475555,1/1/2010 5:49,737,148,$1.40 ,Swipe Transaction,88374,Medford,OR,97504,5411
7475556,1/1/2010 5:51,1487,5978,$91.13 ,Swipe Transaction,20884,Renfrew,PA,16053,5812
7475557,1/1/2010 5:51,1516,1002,$16.67 ,Swipe Transaction,69956,Milpitas,CA,95035,5310
7475559,1/1/2010 5:52,822,5385,$10.45 ,Online Transaction,50292,ONLINE,,,7801
7475561,1/1/2010 5:53,1516,1002,$1.88 ,Swipe Transaction,19252,Milpitas,CA,95035,5411
7475562,1/1/2010 5:55,11,243,$262.47 ,Swipe Transaction,16041,South Ozone Park,NY,11420,7802
7475563,1/1/2010 5:55,190,4621,$3.40 ,Swipe Transaction,23098,Skokie,IL,60077,5812
7475564,1/1/2010 5:56,530,3344,$2.98 ,Swipe Transaction,88646,Colton,CA,92324,5812
7475565,1/1/2010 5:56,1840,3322,$10.79 ,Swipe Transaction,27156,Beaverton,OR,97005,5812
7475566,1/1/2010 5:57,28,2568,$300.48 ,Swipe Transaction,23008,Woodbridge,VA,22191,5932
7475567,1/1/2010 5:57,327,5512,$61.86 ,Online Transaction,39021,ONLINE,,,4784
7475568,1/1/2010 5:57,1826,5779,$3.29 ,Swipe Transaction,43293,Lady Lake,FL,32159,5499
7475569,1/1/2010 5:59,1381,3738,$9.84 ,Swipe Transaction,11264,Mentor,OH,44060,5812
7475570,1/1/2010 6:00,1080,2562,$43.13 ,Swipe Transaction,11468,Macon,GA,31204,5970
7475571,1/1/2010 6:00,1209,4573,$3.41 ,Swipe Transaction,89738,Yonkers,NY,10710,5411
7475572,1/1/2010 6:01,592,4133,$12.81 ,Online Transaction,39021,ONLINE,,,4784
7475573,1/1/2010 6:01,628,2579,$95.00 ,Swipe Transaction,59935,Narberth,PA,19072,5499
7475574,1/1/2010 6:01,760,5876,$2.12 ,Swipe Transaction,75781,Columbus,OH,43228,5411
7475575,1/1/2010 6:01,848,3915,$60.37 ,Swipe Transaction,83743,Harwood,MD,20776,7538
7475576,1/1/2010 6:01,1248,5787,$41.95 ,Swipe Transaction,40475,Arlington Heights,IL,60005,7802
7475577,1/1/2010 6:01,1382,1110,$36.92 ,Swipe Transaction,63909,Dallas,TX,75253,5912
7475578,1/1/2010 6:02,38,2526,$14.67 ,Online Transaction,50404,ONLINE,,,4784
7475579,1/1/2010 6:02,847,4531,$100.00 ,Swipe Transaction,27092,Billings,OK,74630,4829
7475580,1/1/2010 6:02,1529,4985,$3.98 ,Swipe Transaction,23492,Pompano Beach,FL,33076,5411
7475582,1/1/2010 6:03,511,974,$3.33 ,Swipe Transaction,20519,Phoenix,AZ,85015,5942
7475584,1/1/2010 6:03,763,4993,$33.64 ,Swipe Transaction,3316,Wynnewood,PA,19096,5912
7475585,1/1/2010 6:03,1242,5102,$78.05 ,Swipe Transaction,32175,Chicago,IL,60621,7538
7475586,1/1/2010 6:03,1696,2408,$9.68 ,Online Transaction,39021,ONLINE,,,4784
7475588,1/1/2010 6:04,1675,4692,$64.39 ,Swipe Transaction,43293,Puyallup,WA,98373,5499
7475589,1/1/2010 6:05,1786,1000,$8.73 ,Swipe Transaction,50867,Louisville,OH,44641,5541
7475590,1/1/2010 6:06,211,3739,$2.13 ,Swipe Transaction,22484,Lake Havasu City,AZ,86404,5411
7475591,1/1/2010 6:06,997,5046,$35.90 ,Swipe Transaction,83070,Chula Vista,CA,91913,4121
7475592,1/1/2010 6:07,112,1134,$23.61 ,Online Transaction,39021,ONLINE,,,4784
7475594,1/1/2010 6:07,425,5149,$2.72 ,Swipe Transaction,88374,Carmel,CA,93923,5411
7475595,1/1/2010 6:07,759,3716,$66.00 ,Swipe Transaction,59935,Franklin,TN,37067,5499
7475596,1/1/2010 6:07,996,1107,$1.54 ,Swipe Transaction,12547,Hollywood,FL,33024,5411
7475598,1/1/2010 6:07,1741,1097,$10.02 ,Swipe Transaction,50856,Tucson,AZ,85711,5813
7475599,1/1/2010 6:08,890,5799,$4.04 ,Swipe Transaction,35433,Fullerton,CA,92831,5812
7475600,1/1/2010 6:08,1381,3738,$5.41 ,Swipe Transaction,11264,Mentor,OH,44060,5812
7475601,1/1/2010 6:08,1692,5371,$42.28 ,Online Transaction,39021,ONLINE,,,4784
7475602,1/1/2010 6:09,152,2848,$113.09 ,Swipe Transaction,71667,Russellville,AL,35653,7538
7475603,1/1/2010 6:09,980,5052,$1.33 ,Swipe Transaction,59935,Gwynn Oak,MD,21207,5499
7475604,1/1/2010 6:09,1150,4672,$7.09 ,Swipe Transaction,19464,Hurst,TX,76054,5812
7475605,1/1/2010 6:09,1445,2899,$2.38 ,Swipe Transaction,53402,Claypool,IN,46510,5411
7475606,1/1/2010 6:10,89,2998,$6.89 ,Swipe Transaction,44678,Mesilla Park,NM,88047,5812
7475607,1/1/2010 6:10,135,2808,$189.29 ,Online Transaction,90999,ONLINE,,,4722
7475608,1/1/2010 6:10,357,5481,$140.00 ,Swipe Transaction,27092,Boston,MA,2128,4829
7475609,1/1/2010 6:10,657,4662,$144.68 ,Swipe Transaction,93195,Pahrump,NV,89048,4900
7475610,1/1/2010 6:10,1428,5116,$1.33 ,Swipe Transaction,14528,Lebanon,MO,65536,5499
7475611,1/1/2010 6:10,1797,1127,$28.84 ,Online Transaction,15143,ONLINE,,,4784
7475612,1/1/2010 6:11,1640,4967,($84.00),Swipe Transaction,61195,Adrian,MI,49221,5541
7475614,1/1/2010 6:13,89,2998,$121.66 ,Swipe Transaction,5495,Mesilla Park,NM,88047,5932
7475615,1/1/2010 6:13,425,5149,$1.69 ,Swipe Transaction,14528,Marina,CA,93933,5499
7475616,1/1/2010 6:13,679,5972,$2.99 ,Swipe Transaction,75703,Jackson Center,PA,16133,5812
7475617,1/1/2010 6:13,1054,3860,$74.60 ,Swipe Transaction,60569,Banks,OR,97106,5300
7475619,1/1/2010 6:14,634,3375,$10.70 ,Swipe Transaction,569,Independence,OH,44131,5300
7475620,1/1/2010 6:14,827,2836,$6.66 ,Swipe Transaction,75781,Utica,NY,13501,5411
7475621,1/1/2010 6:14,1516,1002,$23.83 ,Swipe Transaction,52436,Milpitas,CA,95035,5310
7475622,1/1/2010 6:15,497,2829,$4.87 ,Swipe Transaction,69972,Sioux Falls,SD,57110,5814
7475623,1/1/2010 6:16,135,2808,($148.00),Online Transaction,90999,ONLINE,,,4722
7475624,1/1/2010 6:16,759,3716,($66.00),Swipe Transaction,59935,Franklin,TN,37067,5499
7475625,1/1/2010 6:16,1315,5434,$11.70 ,Swipe Transaction,75781,Mulkeytown,IL,62865,5411
7475627,1/1/2010 6:16,1678,4680,$6.58 ,Swipe Transaction,17493,Wethersfield,CT,6109,5812
7475628,1/1/2010 6:16,1703,2969,$7.35 ,Swipe Transaction,68671,Grand Junction,CO,81506,5541
7475630,1/1/2010 6:16,1849,5904,$2.67 ,Swipe Transaction,86058,Tacoma,WA,98445,5411
7475632,1/1/2010 6:17,1675,4692,($86.00),Swipe Transaction,43293,Puyallup,WA,98373,5499
7475633,1/1/2010 6:17,1851,5528,$120.00 ,Swipe Transaction,27092,Youngsville,NC,27596,4829
7475634,1/1/2010 6:18,571,5960,$1.77 ,Swipe Transaction,49903,Martinsburg,WV,25401,5411
7475635,1/1/2010 6:18,759,3716,$2.98 ,Swipe Transaction,59935,Franklin,TN,37067,5499
7475636,1/1/2010 6:18,1052,3651,$18.26 ,Online Transaction,15143,ONLINE,,,4784
7475637,1/1/2010 6:18,1799,5909,$4.90 ,Swipe Transaction,27907,Woodinville,WA,98077,5812
7475638,1/1/2010 6:19,122,2034,$35.51 ,Swipe Transaction,13646,Orlando,FL,32810,7538
7475639,1/1/2010 6:19,557,5570,$24.22 ,Swipe Transaction,98552,Canton,NC,28716,4121
7475640,1/1/2010 6:19,946,97,$1.04 ,Swipe Transaction,56979,Latrobe,PA,15650,5411
7475641,1/1/2010 6:19,1299,3263,$27.28 ,Online Transaction,39021,ONLINE,,,4784
7475642,1/1/2010 6:19,1675,4692,$86.00 ,Swipe Transaction,43293,Puyallup,WA,98373,5499
7475643,1/1/2010 6:19,1797,1127,$38.58 ,Online Transaction,15143,ONLINE,,,4784
7475644,1/1/2010 6:20,477,2450,$2.69 ,Swipe Transaction,20519,Howland,ME,4448,5942
7475645,1/1/2010 6:20,1843,4553,$3.11 ,Swipe Transaction,79664,Manteno,IL,60950,5814
7475646,1/1/2010 6:21,1640,4967,$77.59 ,Swipe Transaction,61195,Adrian,MI,49221,5541
7475647,1/1/2010 6:21,1694,5944,$39.14 ,Swipe Transaction,1743,Stamford,CT,6902,5912
7475648,1/1/2010 6:21,1777,4557,$101.79 ,Swipe Transaction,30286,Burke,VA,22015,4814
7475649,1/1/2010 6:22,973,3833,$35.53 ,Swipe Transaction,98374,Crenshaw,MS,38621,5411
7475650,1/1/2010 6:23,628,2579,($95.00),Swipe Transaction,59935,Narberth,PA,19072,5499
7475651,1/1/2010 6:23,754,4122,$39.07 ,Swipe Transaction,31893,Myrtle Beach,SC,29587,5311
7475652,1/1/2010 6:23,1138,2122,$36.33 ,Online Transaction,39021,ONLINE,,,4784
7475654,1/1/2010 6:24,327,5512,$47.61 ,Online Transaction,39021,ONLINE,,,4784
7475655,1/1/2010 6:24,628,2579,$79.41 ,Swipe Transaction,59935,Narberth,PA,19072,5499
7475658,1/1/2010 6:24,1516,1002,$4.13 ,Swipe Transaction,78454,Milpitas,CA,95035,5812
7475659,1/1/2010 6:24,1944,1059,$100.00 ,Swipe Transaction,27092,Cleveland,OH,44135,4829
7475660,1/1/2010 6:25,81,96,$3.37 ,Swipe Transaction,50783,Bulverde,TX,78163,5411
7475661,1/1/2010 6:25,557,5570,$2.36 ,Swipe Transaction,50783,Canton,NC,28716,5411
7475662,1/1/2010 6:25,676,3910,$2.27 ,Swipe Transaction,44919,Luther,OK,73054,5814
7475663,1/1/2010 6:26,64,5429,$190.91 ,Swipe Transaction,14914,Ocoee,FL,34761,7995
7475664,1/1/2010 6:26,1445,4716,$3.86 ,Online Transaction,39021,ONLINE,,,4784
7475665,1/1/2010 6:26,1640,4967,$84.00 ,Swipe Transaction,61195,Adrian,MI,49221,5541
7475666,1/1/2010 6:27,515,5078,$4.37 ,Swipe Transaction,91264,Longview,TX,75604,5814
7475670,1/1/2010 6:29,1774,4516,$1.37 ,Swipe Transaction,61195,Minneapolis,MN,55421,5541
7475671,1/1/2010 6:30,177,3715,$100.00 ,Swipe Transaction,27092,Memphis,TN,38116,4829
7475672,1/1/2010 6:30,636,3420,($52.00),Swipe Transaction,59935,Chicago,IL,60623,5499
7475673,1/1/2010 6:30,1477,4947,$28.54 ,Swipe Transaction,75781,Mechanicsburg,OH,43044,5411
7475674,1/1/2010 6:30,1485,4736,$76.07 ,Swipe Transaction,69956,Longview,TX,75602,5310
7475676,1/1/2010 6:31,46,2925,$11.00 ,Swipe Transaction,78499,Howard Beach,NY,11414,5812
7475677,1/1/2010 6:31,122,2034,$23.84 ,Swipe Transaction,13646,Orlando,FL,32810,7538
7475679,1/1/2010 6:32,748,1067,$10.64 ,Swipe Transaction,20519,Houston,TX,77064,5942
7475680,1/1/2010 6:32,1979,2812,$12.35 ,Swipe Transaction,50783,Boca Raton,FL,33487,5411
7475681,1/1/2010 6:33,94,2890,$67.00 ,Swipe Transaction,59935,Claremont,NC,28610,5499
7475682,1/1/2010 6:33,278,3919,$106.82 ,Swipe Transaction,40538,Houston,TX,77056,5912
7475683,1/1/2010 6:33,415,3225,$3.50 ,Swipe Transaction,55250,Washington Court House,OH,43160,5411
7475684,1/1/2010 6:33,565,5459,$106.64 ,Swipe Transaction,88647,Carrollton,TX,75006,4900
7475685,1/1/2010 6:33,797,5428,($74.00),Swipe Transaction,59935,Honolulu,HI,96825,5499
7475687,1/1/2010 6:35,1381,3738,$8.96 ,Swipe Transaction,61195,Mentor,OH,44060,5541
7475688,1/1/2010 6:35,1969,4981,$100.00 ,Swipe Transaction,27092,Longboat Key,FL,34228,4829
7475689,1/1/2010 6:36,1719,2058,$1.79 ,Swipe Transaction,51755,Miami,FL,33179,5411
7475691,1/1/2010 6:37,797,5428,$46.32 ,Swipe Transaction,59935,Honolulu,HI,96825,5499
7475692,1/1/2010 6:37,1145,5444,$2.63 ,Swipe Transaction,75936,Appleton,WI,54913,5814
7475693,1/1/2010 6:37,1430,2813,$56.00 ,Swipe Transaction,61195,Urbandale,IA,50322,5541
7475694,1/1/2010 6:37,1956,2451,$1.61 ,Swipe Transaction,14528,Anaheim,CA,92804,5499
7475696,1/1/2010 6:38,898,4660,$3.31 ,Swipe Transaction,28620,Allentown,PA,18102,5812
7475697,1/1/2010 6:38,1274,1075,$7.08 ,Swipe Transaction,59935,Pascoag,RI,2859,5499
7475698,1/1/2010 6:38,1492,5452,$6.38 ,Swipe Transaction,50783,Bothell,WA,98011,5411
7475699,1/1/2010 6:38,1604,2188,$3.66 ,Online Transaction,85247,ONLINE,,,5815
7475700,1/1/2010 6:39,137,5442,$4.95 ,Swipe Transaction,14532,Johnson City,TN,37604,5411
7475701,1/1/2010 6:39,797,5428,$74.00 ,Swipe Transaction,59935,Honolulu,HI,96825,5499
7475704,1/1/2010 6:40,1144,2223,$28.01 ,Swipe Transaction,36934,Houston,TX,77086,7538
7475705,1/1/2010 6:40,1326,5427,$3.50 ,Swipe Transaction,75781,Somerset,NJ,8873,5411
7475706,1/1/2010 6:40,1376,2182,$3.97 ,Swipe Transaction,50379,Cedar Park,TX,78613,5411
7475707,1/1/2010 6:41,636,3420,$34.68 ,Swipe Transaction,13646,Chicago,IL,60624,7538
7475709,1/1/2010 6:41,840,37,$105.70 ,Swipe Transaction,61195,San Francisco,CA,94131,5541
7475708,1/1/2010 6:41,840,37,$87.00 ,Swipe Transaction,61195,San Francisco,CA,94131,5541
7475711,1/1/2010 6:41,1678,4680,$4.96 ,Swipe Transaction,17493,Wethersfield,CT,6109,5812
7475712,1/1/2010 6:41,1898,4543,$40.40 ,Online Transaction,39021,ONLINE,,,4784
7475714,1/1/2010 6:42,1242,5102,$12.05 ,Swipe Transaction,59935,Chicago,IL,60620,5499
7475715,1/1/2010 6:42,1439,235,$1.26 ,Swipe Transaction,14528,New Market,TN,37820,5499
7475717,1/1/2010 6:42,1844,3702,$6.96 ,Swipe Transaction,25887,Corpus Christi,TX,78410,5814
7475718,1/1/2010 6:43,1356,4752,$2.92 ,Swipe Transaction,20519,Farmington,MN,55024,5942
7475719,1/1/2010 6:43,1651,4181,$3.78 ,Swipe Transaction,23671,San Antonio,TX,78255,5812
7475720,1/1/2010 6:43,1791,4587,$23.44 ,Online Transaction,39021,ONLINE,,,4784
7475721,1/1/2010 6:44,161,5588,$2.52 ,Swipe Transaction,59935,Waco,TX,76707,5499
7475722,1/1/2010 6:44,1091,3334,$6.46 ,Swipe Transaction,26810,Baltimore,MD,21224,5541
7475723,1/1/2010 6:44,1193,5962,$12.13 ,Swipe Transaction,78454,Poughkeepsie,NY,12603,5812
7475724,1/1/2010 6:44,1516,1002,$17.78 ,Swipe Transaction,710,Milpitas,CA,95035,5912
7475725,1/1/2010 6:44,1542,2906,$26.13 ,Swipe Transaction,78821,Cleveland,OH,44118,5912
7475726,1/1/2010 6:45,4,3413,$250.03 ,Swipe Transaction,69965,Las Vegas,NV,89109,7995
7475727,1/1/2010 6:45,636,3420,$52.00 ,Swipe Transaction,59935,Chicago,IL,60623,5499
7475728,1/1/2010 6:45,1314,2911,$3.02 ,Swipe Transaction,61195,New Braunfels,TX,78130,5541
7475729,1/1/2010 6:45,1783,10,$1.68 ,Swipe Transaction,50783,Oakland,CA,94606,5411
7475730,1/1/2010 6:46,11,243,$192.29 ,Online Transaction,52100,ONLINE,,,7801
7475731,1/1/2010 6:47,2,3298,$0.72 ,Swipe Transaction,60569,Bronx,NY,10462,5300
7475732,1/1/2010 6:47,366,2934,$2.03 ,Swipe Transaction,43293,Oshkosh,WI,54902,5499
7475733,1/1/2010 6:47,408,4960,$19.72 ,Swipe Transaction,59935,Barron,WI,54812,5499
7475734,1/1/2010 6:47,1797,1127,$46.63 ,Online Transaction,15143,ONLINE,,,4784
7475735,1/1/2010 6:48,503,1088,$2.43 ,Swipe Transaction,61195,Chicago,IL,60629,5541
7475736,1/1/2010 6:48,1430,2813,$58.60 ,Swipe Transaction,61195,Urbandale,IA,50322,5541
7475737,1/1/2010 6:49,119,5980,$178.53 ,Online Transaction,73186,ONLINE,,,4814
7475738,1/1/2010 6:49,366,2934,$25.80 ,Swipe Transaction,99381,Oshkosh,WI,54901,4121
7475739,1/1/2010 6:49,847,5107,$100.00 ,Swipe Transaction,27092,Billings,OK,74630,4829
7475740,1/1/2010 6:49,1288,2428,$42.68 ,Swipe Transaction,19964,Killeen,TX,76542,5311
7475741,1/1/2010 6:50,94,2890,($67.00),Swipe Transaction,59935,Claremont,NC,28610,5499
7475742,1/1/2010 6:50,1430,2813,($56.00),Swipe Transaction,61195,Urbandale,IA,50322,5541
7475743,1/1/2010 6:50,1531,2573,$14.10 ,Swipe Transaction,53326,Summerville,GA,30747,5921
7475744,1/1/2010 6:50,1920,5579,$103.79 ,Online Transaction,96529,ONLINE,,,4899
7475745,1/1/2010 6:51,303,984,$92.22 ,Swipe Transaction,35166,Windsor,CO,80550,5411
7475747,1/1/2010 6:51,547,5526,$1.38 ,Swipe Transaction,72351,Delavan,WI,53115,5541
7475749,1/1/2010 6:51,1133,2586,"$1,153.61 ",Swipe Transaction,29742,Coraopolis,PA,15108,3256
7475750,1/1/2010 6:51,1456,5935,$120.00 ,Swipe Transaction,27092,Lucedale,MS,39452,4829
7475751,1/1/2010 6:52,1098,4626,$46.25 ,Swipe Transaction,40616,Battle Creek,IA,51006,7349
7475752,1/1/2010 6:52,1718,2029,$10.60 ,Swipe Transaction,20519,Spring Valley,CA,91977,5942
7475753,1/1/2010 6:52,1811,3238,$0.88 ,Swipe Transaction,59251,Los Altos,CA,94024,5411
7475754,1/1/2010 6:53,17,4962,$89.46 ,Swipe Transaction,50783,Banner Elk,NC,28604,5411
7475755,1/1/2010 6:53,1696,2408,$3.41 ,Swipe Transaction,75781,Merritt Island,FL,32953,5411
7475756,1/1/2010 6:54,839,4725,$68.98 ,Swipe Transaction,71750,Bethlehem,CT,6751,5655
7475758,1/1/2010 6:55,428,3842,$78.66 ,Swipe Transaction,90865,Lebanon,NH,3766,5311
7475759,1/1/2010 6:55,822,2558,$10.64 ,Swipe Transaction,34488,Arcadia,CA,91007,7802
7475760,1/1/2010 6:55,840,37,($87.00),Swipe Transaction,61195,San Francisco,CA,94131,5541
7475761,1/1/2010 6:55,1177,4164,$4.00 ,Swipe Transaction,78454,Newark,DE,19711,5812
7475762,1/1/2010 6:55,1268,4965,$34.25 ,Swipe Transaction,27601,Yoakum,TX,77995,7538
7475763,1/1/2010 6:55,1269,4147,$39.39 ,Online Transaction,96246,ONLINE,,,4784
7475765,1/1/2010 6:56,277,5362,$60.00 ,Swipe Transaction,27092,Grenada,MS,38901,4829
7475766,1/1/2010 6:57,94,2890,$40.72 ,Swipe Transaction,59935,Claremont,NC,28610,5499
7475767,1/1/2010 6:57,364,4623,$57.39 ,Swipe Transaction,75781,Andersonville,TN,37705,5411
7475768,1/1/2010 6:57,1382,1110,$3.43 ,Swipe Transaction,69972,Dallas,TX,75253,5814
7475770,1/1/2010 6:58,636,3420,$8.28 ,Swipe Transaction,59935,Chicago,IL,60623,5499
7475771,1/1/2010 6:58,1189,164,$60.00 ,Swipe Transaction,27092,Albany,NY,12209,4829
7475772,1/1/2010 6:59,38,2526,$38.50 ,Online Transaction,39021,ONLINE,,,4784
7475773,1/1/2010 6:59,757,5458,$100.00 ,Swipe Transaction,27092,Brooklyn,NY,11236,4829
7475774,1/1/2010 6:59,938,231,$2.36 ,Swipe Transaction,50783,Lawrence,KS,66046,5411
7475775,1/1/2010 6:59,1147,2042,$6.71 ,Swipe Transaction,25408,Houston,TX,77052,5812
7475776,1/1/2010 6:59,1176,5003,$6.90 ,Swipe Transaction,46284,Oakland City,IN,47660,5411
7475777,1/1/2010 6:59,1817,2530,$28.13 ,Online Transaction,18563,ONLINE,,,4121
7475779,1/1/2010 7:00,605,212,$86.73 ,Swipe Transaction,47370,Brooklyn,NY,11210,5912
7475780,1/1/2010 7:00,837,160,$8.45 ,Swipe Transaction,22204,Quincy,MA,2169,5541
7475781,1/1/2010 7:00,980,5052,$1.72 ,Swipe Transaction,63765,Gwynn Oak,MD,21207,5812
7475782,1/1/2010 7:01,165,2559,$56.40 ,Swipe Transaction,9041,Oakland,CA,94611,5912
7475783,1/1/2010 7:01,580,2961,$49.46 ,Online Transaction,39021,ONLINE,,,4784
7475784,1/1/2010 7:01,1640,4967,$39.12 ,Swipe Transaction,20519,Spring Arbor,MI,49283,5942
7475785,1/1/2010 7:01,1910,3242,$22.39 ,Online Transaction,39021,ONLINE,,,4784
7475786,1/1/2010 7:02,190,4621,$2.16 ,Swipe Transaction,75781,Waukegan,IL,60085,5411
7475787,1/1/2010 7:02,321,35,$6.10 ,Swipe Transaction,20763,Merrill,WI,54452,5921
7475789,1/1/2010 7:02,437,3271,$90.00 ,Swipe Transaction,61195,Arnold,MD,21012,5541
7475790,1/1/2010 7:02,1214,5508,$2.03 ,Swipe Transaction,30928,Franklin,MA,2038,5541
7475791,1/1/2010 7:02,1305,2026,$94.00 ,Swipe Transaction,22204,Millington,TN,38053,5541
7475792,1/1/2010 7:02,1424,4710,($72.00),Swipe Transaction,59935,Kingman,AZ,86401,5499
7475793,1/1/2010 7:02,1786,5463,$5.37 ,Swipe Transaction,75781,Massillon,OH,44646,5411
7475794,1/1/2010 7:02,1963,4565,$4.60 ,Swipe Transaction,78854,Vacaville,CA,95687,5411
7475795,1/1/2010 7:03,249,4292,$34.80 ,Swipe Transaction,48919,Rialto,CA,92377,5311
7475798,1/1/2010 7:03,1097,4690,$3.82 ,Swipe Transaction,22204,Ludington,MI,49431,5541
7475799,1/1/2010 7:03,1858,2146,$156.00 ,Swipe Transaction,5970,Pacoima,CA,91331,8099
7475801,1/1/2010 7:04,1028,139,$57.68 ,Online Transaction,96246,ONLINE,,,4784
7475802,1/1/2010 7:04,1073,2547,$80.00 ,Swipe Transaction,27092,Shipshewana,IN,46565,4829
7475803,1/1/2010 7:05,795,5162,$2.61 ,Swipe Transaction,20884,Dallas,TX,75208,5812
7475804,1/1/2010 7:05,1727,5982,$162.91 ,Online Transaction,73186,ONLINE,,,4814
7475806,1/1/2010 7:05,1840,4568,$2.02 ,Swipe Transaction,35451,Beaverton,OR,97005,5812
7475807,1/1/2010 7:06,316,5857,$48.72 ,Online Transaction,89949,ONLINE,,,7996
7475808,1/1/2010 7:06,478,1099,$25.44 ,Swipe Transaction,9556,Suwanee,GA,30024,7538
7475809,1/1/2010 7:06,860,5782,$36.37 ,Swipe Transaction,36385,Silver Spring,MD,20901,5813
7475810,1/1/2010 7:06,1198,2804,$43.27 ,Online Transaction,41122,ONLINE,,,4784
7475811,1/1/2010 7:07,323,2135,$6.74 ,Swipe Transaction,7237,Newcastle,CA,95658,5812
7475812,1/1/2010 7:07,615,1128,$2.10 ,Swipe Transaction,26603,Alvin,TX,77511,5411
7475813,1/1/2010 7:07,762,1080,$45.18 ,Swipe Transaction,42858,Edison,OH,43320,7538
7475814,1/1/2010 7:07,1323,2980,$2.33 ,Swipe Transaction,20519,Roswell,NM,88201,5942
7475815,1/1/2010 7:07,1362,0,$66.00 ,Swipe Transaction,59935,Bladensburg,MD,20710,5499
7475816,1/1/2010 7:07,1382,2838,$64.00 ,Swipe Transaction,59935,Dallas,TX,75254,5499
7475817,1/1/2010 7:08,46,2925,($73.00),Swipe Transaction,50867,Kew Gardens,NY,11415,5541
7475818,1/1/2010 7:08,366,2934,$49.17 ,Swipe Transaction,27601,Oshkosh,WI,54901,7538
7475819,1/1/2010 7:08,511,1038,$21.50 ,Swipe Transaction,79038,Phoenix,AZ,85015,7538
7475820,1/1/2010 7:08,549,98,$41.95 ,Swipe Transaction,60569,Pompano Beach,FL,33063,5300
7475821,1/1/2010 7:08,1305,2026,$78.90 ,Swipe Transaction,22204,Millington,TN,38053,5541
7475822,1/1/2010 7:08,1963,3364,$28.69 ,Online Transaction,18563,ONLINE,,,4121
7475823,1/1/2010 7:09,303,149,$100.07 ,Swipe Transaction,20561,Windsor,CO,80550,5912
7475824,1/1/2010 7:09,354,4518,$5.76 ,Swipe Transaction,10210,Colorado Springs,CO,80918,5812
7475825,1/1/2010 7:09,376,4704,$4.22 ,Swipe Transaction,28395,Westville,NJ,8093,5541
7475827,1/1/2010 7:09,990,5038,$2.17 ,Swipe Transaction,14528,Donaldsonville,LA,70346,5499
7475828,1/1/2010 7:09,1094,3755,$80.00 ,Swipe Transaction,27092,Boyne City,MI,49712,4829
7475829,1/1/2010 7:09,1362,0,($66.00),Swipe Transaction,59935,Bladensburg,MD,20710,5499
7475830,1/1/2010 7:09,1813,101,$3.48 ,Swipe Transaction,35451,White House,TN,37188,5812
7475831,1/1/2010 7:09,1872,2917,$3.84 ,Swipe Transaction,22204,Bayport,NY,11705,5541
7475832,1/1/2010 7:10,126,5497,$7.65 ,Swipe Transaction,46284,Little Rock,AR,72212,5411
7475833,1/1/2010 7:10,487,2024,$22.08 ,Online Transaction,39021,ONLINE,,,4784
7475834,1/1/2010 7:10,846,3886,$24.02 ,Swipe Transaction,5030,Red Oak,IA,51566,5411
7475835,1/1/2010 7:10,849,3823,$2.51 ,Swipe Transaction,50783,Philadelphia,PA,19116,5411
7475836,1/1/2010 7:10,1391,36,$29.52 ,Online Transaction,18563,ONLINE,,,4121
7475837,1/1/2010 7:11,14,5159,$9.44 ,Swipe Transaction,92883,Waipahu,HI,96797,5812
7475838,1/1/2010 7:11,277,5864,$8.45 ,Swipe Transaction,75781,Calhoun City,MS,38916,5411
7475839,1/1/2010 7:11,464,3233,$54.63 ,Online Transaction,39021,ONLINE,,,4784
7475840,1/1/2010 7:11,1067,3382,$1.99 ,Swipe Transaction,40041,Derby,KS,67037,5411
7475841,1/1/2010 7:11,1248,5787,$72.85 ,Swipe Transaction,73661,Thackerville,OK,73459,7995
7475842,1/1/2010 7:11,1809,5830,$5.24 ,Swipe Transaction,30928,Delaplane,VA,20144,5541
7475843,1/1/2010 7:11,1923,2041,$2.39 ,Swipe Transaction,75781,Crane,MO,65633,5411
7475844,1/1/2010 7:12,176,2603,$9.42 ,Swipe Transaction,61195,Atlanta,GA,30317,5541
7475845,1/1/2010 7:12,997,5046,$19.64 ,Swipe Transaction,83070,Chula Vista,CA,91913,4121
7475846,1/1/2010 7:12,1245,4498,$156.29 ,Swipe Transaction,82981,Gloucester,VA,23061,5912
7475847,1/1/2010 7:12,1899,5969,$8.03 ,Swipe Transaction,99695,Snohomish,WA,98290,5411
7475848,1/1/2010 7:13,997,5825,$1.45 ,Swipe Transaction,14528,Chula Vista,CA,91913,5499
7475849,1/1/2010 7:13,1406,3883,$1.31 ,Swipe Transaction,67296,Tulsa,OK,74110,5912
7475850,1/1/2010 7:13,1484,3209,$0.48 ,Swipe Transaction,59935,Tucson,AZ,85749,5499
7475851,1/1/2010 7:13,1827,4546,$16.03 ,Online Transaction,85247,ONLINE,,,5815
7475852,1/1/2010 7:14,46,2925,$78.14 ,Swipe Transaction,50867,Kew Gardens,NY,11415,5541
7475854,1/1/2010 7:15,827,2836,$149.43 ,Online Transaction,73186,ONLINE,,,4814
7475855,1/1/2010 7:15,1305,2026,($94.00),Swipe Transaction,22204,Millington,TN,38053,5541
7475856,1/1/2010 7:15,1512,3689,$1.72 ,Swipe Transaction,14528,Indianapolis,IN,46236,5499
7475857,1/1/2010 7:15,1873,4110,$46.51 ,Online Transaction,41122,ONLINE,,,4784
7475858,1/1/2010 7:16,1433,203,$144.70 ,Swipe Transaction,47456,Mobile,AL,36695,7996
7475859,1/1/2010 7:16,1595,2472,$6.77 ,Swipe Transaction,50783,Bronx,NY,10466,5411
7475860,1/1/2010 7:16,1629,4290,$3.23 ,Swipe Transaction,59935,Fort Lauderdale,FL,33313,5499
7475861,1/1/2010 7:17,203,5375,$103.92 ,Swipe Transaction,81833,Islandton,SC,29929,5912
7475862,1/1/2010 7:17,563,5074,$45.15 ,Online Transaction,39021,ONLINE,,,4784
7475863,1/1/2010 7:17,1362,0,$94.58 ,Swipe Transaction,59935,Bladensburg,MD,20710,5499
7475864,1/1/2010 7:17,1534,4250,$5.35 ,Swipe Transaction,93508,Cherry Hill,NJ,8003,5411
7475865,1/1/2010 7:17,1687,2509,$24.82 ,Online Transaction,16798,ONLINE,,,4121
7475867,1/1/2010 7:18,60,2799,$39.63 ,Swipe Transaction,83434,Sodus Point,NY,14555,7538
7475868,1/1/2010 7:18,128,5048,$1.78 ,Swipe Transaction,17493,Houston,TX,77061,5812
7475869,1/1/2010 7:18,1774,4516,$60.00 ,Swipe Transaction,27092,Minneapolis,MN,55427,4829
7475870,1/1/2010 7:19,141,3028,$41.64 ,Swipe Transaction,69410,Hearne,TX,77859,5655
7475871,1/1/2010 7:19,1156,175,$180.00 ,Swipe Transaction,27092,West New York,NJ,7093,4829
7475872,1/1/2010 7:19,1398,216,$33.66 ,Online Transaction,39021,ONLINE,,,4784
7475873,1/1/2010 7:20,437,3271,($90.00),Swipe Transaction,61195,Arnold,MD,21012,5541
7475874,1/1/2010 7:20,1075,3287,$18.99 ,Swipe Transaction,12614,Louisville,KY,40299,4121
7475875,1/1/2010 7:20,1261,4121,$42.57 ,Online Transaction,73186,ONLINE,,,4814
7475876,1/1/2010 7:20,1382,2838,($64.00),Swipe Transaction,59935,Dallas,TX,75254,5499
7475877,1/1/2010 7:20,1910,3288,$10.22 ,Swipe Transaction,25887,Bradenton,FL,34203,5814
7475878,1/1/2010 7:21,148,5851,$8.60 ,Swipe Transaction,43293,Bristol,NH,3222,5499
7475879,1/1/2010 7:21,954,5586,$60.00 ,Swipe Transaction,27092,Riverside,CA,92508,4829
7475880,1/1/2010 7:21,1969,5549,$2.24 ,Swipe Transaction,21842,Bradenton,FL,34212,5411
7475881,1/1/2010 7:22,843,184,$37.54 ,Swipe Transaction,89462,Terre Haute,IN,47805,5300
7475882,1/1/2010 7:22,1424,4710,$72.00 ,Swipe Transaction,59935,Kingman,AZ,86401,5499
7475884,1/1/2010 7:23,53,3267,$103.29 ,Swipe Transaction,30286,Sutter Creek,CA,95685,4814
7475885,1/1/2010 7:23,704,2945,$4.64 ,Swipe Transaction,69972,Mount Kisco,NY,10549,5814
7475886,1/1/2010 7:23,1296,3665,$17.51 ,Online Transaction,39021,ONLINE,,,4784
7475887,1/1/2010 7:23,1356,4752,$1.50 ,Swipe Transaction,20986,Colfax,WI,54730,5411
7475888,1/1/2010 7:24,655,2133,$1.69 ,Swipe Transaction,94761,Lorain,OH,44052,5812
7475889,1/1/2010 7:24,843,184,$44.26 ,Swipe Transaction,89462,Terre Haute,IN,47805,5300
7475890,1/1/2010 7:24,987,4146,$32.78 ,Online Transaction,39021,ONLINE,,,4784
7475892,1/1/2010 7:25,46,2925,$73.00 ,Swipe Transaction,50867,Kew Gardens,NY,11415,5541
7475893,1/1/2010 7:25,437,3271,$71.52 ,Swipe Transaction,61195,Arnold,MD,21012,5541
7475895,1/1/2010 7:25,1435,4294,$70.92 ,Swipe Transaction,27601,Alpharetta,GA,30004,7538
7475896,1/1/2010 7:26,757,4175,$140.00 ,Swipe Transaction,27092,Brooklyn,NY,11236,4829
7475897,1/1/2010 7:26,1286,5798,$1.20 ,Swipe Transaction,12322,Orchard Park,NY,14127,5812
7475898,1/1/2010 7:26,1424,4710,$23.95 ,Swipe Transaction,59935,Kingman,AZ,86401,5499
7475900,1/1/2010 7:26,1618,3031,$11.40 ,Swipe Transaction,50783,Mount Vernon,NY,10552,5411
7475902,1/1/2010 7:27,356,3251,$5.60 ,Swipe Transaction,25887,Stuart,FL,34997,5814
7475903,1/1/2010 7:27,519,3380,$3.36 ,Swipe Transaction,28395,Las Vegas,NV,89142,5541
7475904,1/1/2010 7:27,1357,2990,$3.47 ,Online Transaction,88998,ONLINE,,,4784
7475905,1/1/2010 7:27,1382,2838,$61.28 ,Swipe Transaction,59935,Dallas,TX,75254,5499
7475907,1/1/2010 7:28,1369,5792,$0.93 ,Swipe Transaction,72351,Edinburgh,IN,46124,5541
7475909,1/1/2010 7:28,1562,2976,$1.19 ,Swipe Transaction,86438,Commerce,OK,74339,5499
7475910,1/1/2010 7:28,1857,5089,$140.00 ,Swipe Transaction,27092,Cherry Hill,NJ,8003,4829
7475911,1/1/2010 7:29,1102,2822,$4.42 ,Swipe Transaction,75781,Muskogee,OK,74403,5411
7475912,1/1/2010 7:29,1962,2126,$24.26 ,Swipe Transaction,91514,Willowbrook,IL,60527,5812
7475913,1/1/2010 7:30,1067,1063,$2.04 ,Swipe Transaction,20519,Derby,KS,67037,5942
7475914,1/1/2010 7:30,1314,2911,$6.46 ,Swipe Transaction,72158,New Braunfels,TX,78130,5411
7475916,1/1/2010 7:32,126,5497,$10.82 ,Swipe Transaction,61195,Little Rock,AR,72209,5541
7475918,1/1/2010 7:33,447,3865,$118.28 ,Online Transaction,59350,ONLINE,,,7922
7475919,1/1/2010 7:33,987,4146,$6.17 ,Swipe Transaction,29209,Gaithersburg,MD,20879,5411
7475920,1/1/2010 7:33,1221,4561,$52.12 ,Swipe Transaction,36934,New York,NY,10031,7538
7475921,1/1/2010 7:33,1296,67,$24.63 ,Online Transaction,39021,ONLINE,,,4784
7475922,1/1/2010 7:33,1575,224,$0.71 ,Swipe Transaction,14528,Sarasota,FL,34235,5499
7475923,1/1/2010 7:34,110,4103,$78.00 ,Swipe Transaction,61195,Austin,TX,78728,5541
7475926,1/1/2010 7:34,1444,5965,$78.32 ,Swipe Transaction,60569,East Northport,NY,11731,5300
7475927,1/1/2010 7:34,1963,3317,$21.98 ,Online Transaction,16798,ONLINE,,,4121
7475929,1/1/2010 7:35,1107,2872,$2.54 ,Swipe Transaction,75936,Chenango Forks,NY,13746,5814
7475930,1/1/2010 7:35,1772,5918,$98.00 ,Swipe Transaction,43293,El Monte,CA,91731,5499
7475932,1/1/2010 7:36,1128,4583,$44.13 ,Swipe Transaction,32175,Orleans,VT,5860,7538
7475933,1/1/2010 7:36,1764,2118,$3.38 ,Swipe Transaction,20519,Cadillac,MI,49601,5942
7475934,1/1/2010 7:37,252,3788,$0.82 ,Swipe Transaction,20519,Batavia,OH,45103,5942
7475935,1/1/2010 7:37,319,248,$104.81 ,Swipe Transaction,9263,Fresno,CA,93727,5912
7475936,1/1/2010 7:37,419,3854,$2.28 ,Swipe Transaction,55730,Murphys,CA,95247,5812
7475938,1/1/2010 7:37,987,5090,$32.28 ,Online Transaction,39021,ONLINE,,,4784
7475939,1/1/2010 7:37,1022,2504,$93.40 ,Swipe Transaction,51700,Monroe,NC,28112,5300
7475941,1/1/2010 7:37,1166,5822,$11.87 ,Swipe Transaction,59935,Louisville,KY,40203,5499
7475940,1/1/2010 7:37,1166,5822,$55.00 ,Swipe Transaction,59935,Louisville,KY,40203,5499
7475942,1/1/2010 7:37,1772,5918,($98.00),Swipe Transaction,43293,El Monte,CA,91731,5499
7475944,1/1/2010 7:38,711,4689,$2.57 ,Swipe Transaction,25887,Staunton,IL,62088,5814
7475947,1/1/2010 7:38,1422,4983,$109.61 ,Swipe Transaction,65795,Angier,NC,27501,5655
7475948,1/1/2010 7:39,472,3826,($64.00),Swipe Transaction,61195,Round Lake,IL,60073,5541
7475951,1/1/2010 7:39,1357,4611,$6.23 ,Online Transaction,88998,ONLINE,,,4784
7475952,1/1/2010 7:39,1479,1139,$3.76 ,Swipe Transaction,55900,Atlanta,GA,30310,5812
7475953,1/1/2010 7:39,1735,3336,$3.49 ,Swipe Transaction,22938,Vero Beach,FL,32967,5812
7475954,1/1/2010 7:40,354,4518,$52.80 ,Swipe Transaction,13646,Colorado Springs,CO,80920,7538
7475955,1/1/2010 7:40,615,1128,$1.60 ,Swipe Transaction,19590,Alvin,TX,77511,5812
7475956,1/1/2010 7:41,53,3267,$20.00 ,Online Transaction,15143,ONLINE,,,4784
7475957,1/1/2010 7:41,1840,3322,$1.76 ,Swipe Transaction,50783,Beaverton,OR,97006,5411
7475959,1/1/2010 7:42,110,4103,$75.08 ,Swipe Transaction,61195,Austin,TX,78728,5541
7475960,1/1/2010 7:42,909,4663,$51.00 ,Swipe Transaction,59935,Olympia,WA,98516,5499
7475961,1/1/2010 7:42,1210,4606,$37.69 ,Swipe Transaction,60569,Bangor,PA,18013,5300
7475962,1/1/2010 7:42,1500,5034,$5.40 ,Swipe Transaction,57885,Elk Grove,CA,95624,5411
7475963,1/1/2010 7:43,909,4663,($51.00),Swipe Transaction,59935,Olympia,WA,98516,5499
7475964,1/1/2010 7:43,1028,139,$55.12 ,Online Transaction,96246,ONLINE,,,4784
7475965,1/1/2010 7:43,1144,5153,$2.85 ,Swipe Transaction,20192,Houston,TX,77086,5411
7475969,1/1/2010 7:44,1435,4294,$13.93 ,Online Transaction,16798,ONLINE,,,4121
7475970,1/1/2010 7:44,1897,4948,$6.15 ,Swipe Transaction,106,Huntington,NY,11743,5411
7475971,1/1/2010 7:45,142,1046,$0.87 ,Swipe Transaction,86438,Bastrop,TX,78602,5499
7475973,1/1/2010 7:45,1190,4508,$54.47 ,Online Transaction,38958,ONLINE,,,7801
7475974,1/1/2010 7:46,106,1037,$4.15 ,Swipe Transaction,30928,Indianapolis,IN,46203,5541
7475975,1/1/2010 7:46,150,2505,$4.50 ,Swipe Transaction,69972,Lorton,VA,22079,5814
7475977,1/1/2010 7:46,573,3268,$7.59 ,Swipe Transaction,23866,Lincolnton,GA,30817,5812
7475978,1/1/2010 7:46,668,3758,$40.00 ,Swipe Transaction,27092,Atlanta,GA,31139,4829
7475979,1/1/2010 7:46,1072,201,$2.25 ,Swipe Transaction,27583,Falmouth,MA,2540,5411
7475980,1/1/2010 7:46,1147,2042,$22.40 ,Swipe Transaction,25408,Houston,TX,77052,5812
7475981,1/1/2010 7:47,291,169,$0.23 ,Swipe Transaction,44578,Dalton,GA,30721,5812
7475983,1/1/2010 7:47,1176,5003,$31.28 ,Online Transaction,39021,ONLINE,,,4784
7475984,1/1/2010 7:47,1344,1027,$9.80 ,Swipe Transaction,13523,Utica,MI,48316,5310
7475985,1/1/2010 7:47,1567,2916,$8.70 ,Swipe Transaction,26788,Owego,NY,13827,5812
7475986,1/1/2010 7:47,1781,3032,$2.96 ,Swipe Transaction,91128,Prospect,NY,13435,5411
7475987,1/1/2010 7:47,1963,3317,$6.05 ,Swipe Transaction,50783,Vacaville,CA,95688,5411
7475988,1/1/2010 7:48,141,4219,$55.04 ,Swipe Transaction,69410,Hearne,TX,77859,5655
7475989,1/1/2010 7:48,394,4717,$0.95 ,Swipe Transaction,79463,Stamford,CT,6906,5411
7475991,1/1/2010 7:48,1137,3718,$1.33 ,Swipe Transaction,49789,Hendersonville,NC,28739,5541
7475992,1/1/2010 7:48,1772,5918,$12.50 ,Swipe Transaction,43293,El Monte,CA,91731,5499
7475993,1/1/2010 7:48,1797,1127,$120.00 ,Swipe Transaction,27092,Kailua Kona,HI,96740,4829
7475994,1/1/2010 7:49,563,1060,$43.83 ,Online Transaction,39021,ONLINE,,,4784
7475995,1/1/2010 7:49,1352,59,$86.91 ,Swipe Transaction,84773,Traverse City,MI,49684,5300
7475998,1/1/2010 7:50,217,174,$22.83 ,Swipe Transaction,79927,Summit Argo,IL,60501,5912
7475999,1/1/2010 7:50,472,3826,$75.79 ,Swipe Transaction,61195,Round Lake,IL,60073,5541
7476000,1/1/2010 7:50,1166,5822,($55.00),Swipe Transaction,59935,Louisville,KY,40203,5499
7476001,1/1/2010 7:51,236,4560,$4.72 ,Swipe Transaction,50783,Richmond,TX,77406,5411
7476002,1/1/2010 7:51,909,4663,$23.58 ,Swipe Transaction,59935,Olympia,WA,98516,5499
7476003,1/1/2010 7:51,1075,3287,$32.86 ,Online Transaction,18563,ONLINE,,,4121
7476004,1/1/2010 7:51,1190,5358,$90.10 ,Online Transaction,38958,ONLINE,,,7801
7476006,1/1/2010 7:52,1842,5426,$138.83 ,Swipe Transaction,30286,Rio Rancho,NM,87144,4814
7476007,1/1/2010 7:53,383,1092,$4.43 ,Swipe Transaction,61195,Sidney,MT,59270,5541
7476009,1/1/2010 7:53,758,2181,$2.00 ,Swipe Transaction,43007,Alhambra,CA,91801,5812
7476010,1/1/2010 7:53,1579,3830,$6.51 ,Swipe Transaction,22204,Puerto Vallarta,Mexico,,5541
7476011,1/1/2010 7:54,62,3369,$5.14 ,Swipe Transaction,81833,Auburn,CA,95602,5912
7476012,1/1/2010 7:54,110,4103,($78.00),Swipe Transaction,61195,Austin,TX,78728,5541
7476013,1/1/2010 7:54,472,3826,$64.00 ,Swipe Transaction,61195,Round Lake,IL,60073,5541
7476014,1/1/2010 7:54,1248,5787,$5.66 ,Swipe Transaction,35451,Janesville,WI,53546,5812
7476015,1/1/2010 7:54,1307,111,$69.15 ,Online Transaction,15143,ONLINE,,,4784
7476016,1/1/2010 7:54,1558,3750,$63.02 ,Online Transaction,39021,ONLINE,,,4784
7476018,1/1/2010 7:55,1712,3291,$21.81 ,Online Transaction,47399,ONLINE,,,5815
7476019,1/1/2010 7:56,772,3678,$4.45 ,Swipe Transaction,50867,Gresham,OR,97080,5541
7476020,1/1/2010 7:57,1317,5790,$4.65 ,Swipe Transaction,68671,Pleasantville,NJ,8232,5541
7476021,1/1/2010 7:57,1451,5530,$29.91 ,Swipe Transaction,32175,Compton,CA,90220,7538
7476022,1/1/2010 7:57,1825,4310,$10.76 ,Swipe Transaction,57153,Aurora,CO,80013,5812
7476023,1/1/2010 7:58,319,248,$76.32 ,Swipe Transaction,9263,Fresno,CA,93727,5912
7476026,1/1/2010 8:00,115,4590,$21.99 ,Swipe Transaction,44919,Cottage Grove,WI,53527,5814
7476027,1/1/2010 8:00,469,2619,$7.23 ,Swipe Transaction,10855,Houston,TX,77010,5411
7476028,1/1/2010 8:00,1024,4241,$5.27 ,Swipe Transaction,61195,Andover,KS,67002,5541
7476029,1/1/2010 8:00,1596,21,$39.83 ,Online Transaction,15143,ONLINE,,,4784
7476030,1/1/2010 8:01,69,5493,$6.85 ,Swipe Transaction,78605,Dover,OH,44622,5814
7476031,1/1/2010 8:01,379,3881,$2.23 ,Swipe Transaction,35451,Selma,AL,36701,5812
7476032,1/1/2010 8:01,870,1039,$1.22 ,Swipe Transaction,14528,Waldorf,MD,20603,5499
7476033,1/1/2010 8:01,1041,2500,$105.71 ,Swipe Transaction,42636,Hallandale,FL,33009,7802
7476034,1/1/2010 8:01,1193,2963,$2.36 ,Swipe Transaction,19159,Poughkeepsie,NY,12603,5411
7476035,1/1/2010 8:01,1315,5434,$0.99 ,Swipe Transaction,14528,Louisville,IL,62858,5499
7476037,1/1/2010 8:01,1463,5499,$0.78 ,Swipe Transaction,14528,Kerhonkson,NY,12446,5499
7476038,1/1/2010 8:01,1636,3338,$1.12 ,Swipe Transaction,86438,Kansas City,MO,64124,5499
7476039,1/1/2010 8:01,1736,113,$8.21 ,Swipe Transaction,59952,Brooklyn,NY,11211,5812
7476040,1/1/2010 8:02,1222,1076,$1.47 ,Swipe Transaction,82981,Jerome,ID,83338,5912
7476041,1/1/2010 8:02,1561,3386,$6.35 ,Swipe Transaction,83229,Lancaster,SC,29720,5411
7476042,1/1/2010 8:02,1591,2043,$23.89 ,Swipe Transaction,59935,Omaha,NE,68106,5499
7476043,1/1/2010 8:03,44,2932,$60.00 ,Swipe Transaction,27092,Medford,OR,97501,4829
7476044,1/1/2010 8:03,987,4146,$34.31 ,Online Transaction,18563,ONLINE,,,4121
7476045,1/1/2010 8:03,1479,1139,$26.76 ,Swipe Transaction,49463,Atlanta,GA,30310,7538
7476046,1/1/2010 8:03,1591,2043,($80.00),Swipe Transaction,59935,Omaha,NE,68106,5499
7476047,1/1/2010 8:04,274,4564,$56.57 ,Swipe Transaction,46965,Washington,DC,20011,7538
7476048,1/1/2010 8:04,437,5454,$6.40 ,Swipe Transaction,61195,Arnold,MD,21012,5541
7476049,1/1/2010 8:04,1241,3724,$100.00 ,Swipe Transaction,27092,Lebanon,IN,46052,4829
7476050,1/1/2010 8:04,1678,5921,$14.37 ,Swipe Transaction,53889,Wethersfield,CT,6109,5310
7476051,1/1/2010 8:05,447,5405,$1.59 ,Swipe Transaction,86438,Muskegon,MI,49441,5499
7476052,1/1/2010 8:05,520,5104,$130.92 ,Swipe Transaction,45523,Mifflinville,PA,18631,5912
7476053,1/1/2010 8:05,705,4597,$8.20 ,Swipe Transaction,87625,Oakland,CA,94601,5812
7476054,1/1/2010 8:05,1307,2810,$87.37 ,Online Transaction,15143,ONLINE,,,4784
7476056,1/1/2010 8:05,1393,3018,$2.14 ,Swipe Transaction,61195,North Bend,NE,68649,5541
7476057,1/1/2010 8:05,1406,3883,$2.40 ,Swipe Transaction,50783,Tulsa,OK,74127,5411
7476058,1/1/2010 8:06,135,2808,$37.17 ,Online Transaction,39021,ONLINE,,,4784
7476060,1/1/2010 8:06,1877,5449,$45.91 ,Swipe Transaction,89069,Seattle,WA,98146,5251
7476061,1/1/2010 8:07,236,4560,$4.57 ,Swipe Transaction,20519,Garwood,TX,77442,5942
7476063,1/1/2010 8:07,669,3793,$3.02 ,Swipe Transaction,96974,Plattsburgh,NY,12901,5411
7476064,1/1/2010 8:07,996,3310,$5.66 ,Swipe Transaction,46284,Hollywood,FL,33024,5411
7476065,1/1/2010 8:07,1323,2980,$2.22 ,Swipe Transaction,88646,Lordsburg,NM,88045,5812
7476068,1/1/2010 8:08,576,5968,$3.36 ,Swipe Transaction,89263,Marietta,GA,30067,5411
7476069,1/1/2010 8:08,847,5581,$0.72 ,Swipe Transaction,87625,Fort Gibson,OK,74434,5812
7476070,1/1/2010 8:08,1098,4626,($66.00),Swipe Transaction,50867,Hawarden,IA,51023,5541
7476071,1/1/2010 8:08,1379,2604,$82.74 ,Swipe Transaction,20645,Clinton Township,MI,48036,5300
7476072,1/1/2010 8:08,1629,4290,$4.17 ,Swipe Transaction,20884,Fort Lauderdale,FL,33313,5812
7476074,1/1/2010 8:09,37,1183,$25.89 ,Swipe Transaction,59935,Kirkville,NY,13082,5499
7476073,1/1/2010 8:09,37,1183,($90.00),Swipe Transaction,59935,Kirkville,NY,13082,5499
7476076,1/1/2010 8:09,1098,4626,$66.00 ,Swipe Transaction,50867,Hawarden,IA,51023,5541
7476077,1/1/2010 8:10,474,3844,$0.60 ,Swipe Transaction,25857,Williston Park,NY,11596,5812
7476078,1/1/2010 8:10,860,5412,$28.05 ,Swipe Transaction,36385,Silver Spring,MD,20901,5813
7476079,1/1/2010 8:10,1919,5430,$165.71 ,Online Transaction,80770,ONLINE,,,7922
7476080,1/1/2010 8:11,1031,2565,$4.57 ,Swipe Transaction,38422,Bennett,CO,80102,5812
7476081,1/1/2010 8:11,1084,3454,$4.00 ,Swipe Transaction,4392,Tacoma,WA,98403,5411
7476084,1/1/2010 8:11,1995,1196,$18.72 ,Swipe Transaction,81833,Chambersburg,PA,17202,5912
7476086,1/1/2010 8:12,1575,2112,$1.26 ,Swipe Transaction,14528,Sarasota,FL,34235,5499
7476087,1/1/2010 8:13,1294,2591,$32.72 ,Swipe Transaction,51769,Union,NJ,7083,5912
7476088,1/1/2010 8:14,779,4558,$61.94 ,Swipe Transaction,50783,Richardson,TX,75080,5411
7476089,1/1/2010 8:14,1198,2804,$10.64 ,Swipe Transaction,11468,Austin,TX,78705,5970
7476090,1/1/2010 8:14,1969,4981,$1.64 ,Swipe Transaction,88646,Bradenton,FL,34212,5812
7476091,1/1/2010 8:15,127,988,$87.13 ,Swipe Transaction,37972,Luverne,AL,36049,5300
7476092,1/1/2010 8:15,819,3245,$40.00 ,Swipe Transaction,27092,Pittsburgh,PA,15236,4829
7476093,1/1/2010 8:15,1813,4638,$1.81 ,Swipe Transaction,35451,White House,TN,37188,5812
7476096,1/1/2010 8:16,1269,4239,$1.70 ,Swipe Transaction,1903,Chicago,IL,60616,5812
7476097,1/1/2010 8:16,1541,3253,$37.37 ,Swipe Transaction,43293,Clinton,TN,37716,5499
7476098,1/1/2010 8:16,1941,2030,$21.59 ,Swipe Transaction,75781,Commerce,TX,75429,5411
7476099,1/1/2010 8:17,1171,3237,$6.75 ,Swipe Transaction,22938,Kailua,HI,96734,5812
7476100,1/1/2010 8:17,1534,4250,$5.14 ,Swipe Transaction,50783,Blackwood,NJ,8012,5411
7476101,1/1/2010 8:17,1591,2043,$80.00 ,Swipe Transaction,59935,Omaha,NE,68106,5499
7476104,1/1/2010 8:18,1417,3397,$51.19 ,Swipe Transaction,32175,Holt,MI,48842,7538
7476106,1/1/2010 8:19,615,5479,$120.00 ,Swipe Transaction,27092,Channelview,TX,77530,4829
7476107,1/1/2010 8:19,1786,1000,$2.69 ,Swipe Transaction,75781,Massillon,OH,44646,5411
7476108,1/1/2010 8:21,804,17,$10.60 ,Swipe Transaction,22204,Houston,TX,77086,5541
7476109,1/1/2010 8:21,1026,5398,$5.50 ,Swipe Transaction,61005,Dinuba,CA,93618,5411
7476110,1/1/2010 8:21,1098,4626,$30.89 ,Swipe Transaction,50867,Hawarden,IA,51023,5541
7476111,1/1/2010 8:21,1517,72,$191.47 ,Swipe Transaction,45003,Vienna,VA,22182,7996
7476112,1/1/2010 8:21,1541,3253,$90.00 ,Swipe Transaction,43293,Clinton,TN,37716,5499
7476114,1/1/2010 8:22,370,4127,$11.77 ,Swipe Transaction,61195,Ontario,CA,91764,5541
7476115,1/1/2010 8:22,428,3842,$20.13 ,Swipe Transaction,42982,Canaan,NH,3741,7230
7476116,1/1/2010 8:22,909,3719,$31.64 ,Online Transaction,88998,ONLINE,,,4784
7476117,1/1/2010 8:22,921,4675,$7.91 ,Swipe Transaction,22204,Spencerport,NY,14559,5541
7476118,1/1/2010 8:22,1490,5950,$3.30 ,Swipe Transaction,25717,Louisville,CO,80027,5812
7476119,1/1/2010 8:22,1752,3880,$7.50 ,Swipe Transaction,12014,Abbeville,LA,70510,5814
7476120,1/1/2010 8:23,13,2941,$6.95 ,Swipe Transaction,98374,Harned,KY,40144,5411
7476121,1/1/2010 8:23,667,5063,$4.04 ,Swipe Transaction,35451,Durham,NC,27713,5812
7476123,1/1/2010 8:24,629,124,$17.73 ,Swipe Transaction,44578,Ellicott City,MD,21043,5812
7476125,1/1/2010 8:24,1963,4565,$23.02 ,Swipe Transaction,88852,Vacaville,CA,95687,4121
7476126,1/1/2010 8:25,37,1183,$90.00 ,Swipe Transaction,59935,Kirkville,NY,13082,5499
7476127,1/1/2010 8:25,573,3268,$6.17 ,Swipe Transaction,50867,Stapleton,GA,30823,5541
7476128,1/1/2010 8:25,804,1071,$282.47 ,Swipe Transaction,19363,Philpot,KY,42366,4112
7476129,1/1/2010 8:25,1225,1163,$17.16 ,Swipe Transaction,24437,San Rafael,CA,94901,4121
7476130,1/1/2010 8:25,1274,2905,$150.77 ,Swipe Transaction,58739,Pascoag,RI,2859,5411
7476131,1/1/2010 8:25,1603,5981,$2.02 ,Swipe Transaction,49789,Challis,ID,83226,5541
7476132,1/1/2010 8:25,1634,2933,$2.86 ,Swipe Transaction,20519,San Benito,TX,78586,5942
7476133,1/1/2010 8:26,1358,5135,$4.12 ,Swipe Transaction,65503,Middleton,WI,53562,5812
7476135,1/1/2010 8:27,746,958,$2.36 ,Swipe Transaction,50783,Brooklyn,NY,11213,5411
7476137,1/1/2010 8:27,1453,1117,($145.00),Swipe Transaction,16790,Spring Valley,NY,10977,3389
7476138,1/1/2010 8:27,1453,1117,$189.87 ,Swipe Transaction,16790,Spring Valley,NY,10977,3389
7476139,1/1/2010 8:27,1659,5056,$30.00 ,Online Transaction,18563,ONLINE,,,4121
7476141,1/1/2010 8:28,59,1145,$1.74 ,Swipe Transaction,33526,Sunland Park,NM,88063,5814
7476142,1/1/2010 8:29,1248,5787,$3.45 ,Swipe Transaction,56431,Lodi,WI,53555,5541
7476143,1/1/2010 8:29,1540,5562,$30.38 ,Swipe Transaction,44521,Fairfield,OH,45014,5310
7476144,1/1/2010 8:29,1541,3253,($90.00),Swipe Transaction,43293,Clinton,TN,37716,5499
7476145,1/1/2010 8:29,1619,5111,$1.97 ,Swipe Transaction,20519,Sherman,TX,75092,5942
7476146,1/1/2010 8:31,419,3792,$7.90 ,Swipe Transaction,33526,Vallecito,CA,95251,5814
7476147,1/1/2010 8:31,946,5403,$6.83 ,Swipe Transaction,61195,Latrobe,PA,15650,5541
7476148,1/1/2010 8:31,1626,4572,$1.76 ,Swipe Transaction,71279,Cordova,TN,38018,5411
7476149,1/1/2010 8:32,542,4195,$91.00 ,Swipe Transaction,22204,Oklahoma City,OK,73114,5541
7476150,1/1/2010 8:32,566,5577,$44.60 ,Swipe Transaction,22204,Manning,SC,29102,5541
7476151,1/1/2010 8:32,779,2069,$85.92 ,Swipe Transaction,60569,Rockwall,TX,75087,5300
7476152,1/1/2010 8:32,1207,5805,$22.51 ,Online Transaction,39021,ONLINE,,,4784
7476155,1/1/2010 8:33,385,2871,$4.02 ,Swipe Transaction,4312,Bluffton,SC,29910,5411
7476156,1/1/2010 8:33,1659,3438,$29.07 ,Swipe Transaction,63683,Wauconda,IL,60084,4121
7476157,1/1/2010 8:33,1742,1155,$6.97 ,Swipe Transaction,35451,Rossville,IN,46065,5812
7476158,1/1/2010 8:34,4,4201,$66.00 ,Swipe Transaction,43293,Seattle,WA,98122,5499
7476159,1/1/2010 8:34,705,5359,$31.02 ,Swipe Transaction,13646,Walnut Creek,CA,94598,7538
7476161,1/1/2010 8:34,921,3457,$106.68 ,Swipe Transaction,20302,Rush,NY,14543,5300
7476162,1/1/2010 8:34,1116,79,$12.21 ,Online Transaction,39021,ONLINE,,,4784
7476163,1/1/2010 8:35,4,3413,$3.93 ,Swipe Transaction,25887,Seattle,WA,98122,5814
7476164,1/1/2010 8:35,776,5859,$6.01 ,Swipe Transaction,45926,Memphis,TN,38104,5814
7476165,1/1/2010 8:35,1330,4579,$33.46 ,Online Transaction,15143,ONLINE,,,4784
7476166,1/1/2010 8:35,1648,2624,$67.70 ,Swipe Transaction,36934,Morris Plains,NJ,7950,7538
7476167,1/1/2010 8:36,156,4604,$5.42 ,Swipe Transaction,44919,Kamas,UT,84036,5814
7476169,1/1/2010 8:36,1234,22,$20.97 ,Online Transaction,16798,ONLINE,,,4121
7476171,1/1/2010 8:36,1411,1069,$53.00 ,Swipe Transaction,61195,Saint Charles,IL,60174,5541
7476172,1/1/2010 8:36,1634,4743,$3.98 ,Swipe Transaction,20519,San Benito,TX,78586,5942
7476174,1/1/2010 8:36,1782,4289,$2.46 ,Swipe Transaction,40948,Westminster,CA,92683,5411
7476173,1/1/2010 8:36,1782,2172,$2.21 ,Swipe Transaction,40948,Westminster,CA,92683,5411
7476175,1/1/2010 8:36,1783,10,$2.47 ,Swipe Transaction,50783,Oakland,CA,94606,5411
7476177,1/1/2010 8:36,1986,5443,$25.04 ,Online Transaction,16798,ONLINE,,,4121
7476178,1/1/2010 8:37,609,2892,$1.73 ,Swipe Transaction,93214,Garland,TX,75040,5411
7476179,1/1/2010 8:37,692,5860,$16.51 ,Swipe Transaction,34125,Almont,MI,48003,5813
7476180,1/1/2010 8:37,914,2859,$47.09 ,Swipe Transaction,59935,Wichita,KS,67212,5499
7476181,1/1/2010 8:37,1428,5116,$4.65 ,Swipe Transaction,86395,Lebanon,MO,65536,5411
7476182,1/1/2010 8:37,1771,2607,$2.49 ,Swipe Transaction,50783,Somerset,CA,95684,5411
7476183,1/1/2010 8:38,55,5865,$3.72 ,Swipe Transaction,33912,Richmond,CA,94804,5921
7476184,1/1/2010 8:39,419,3792,$3.39 ,Swipe Transaction,20519,Manteca,CA,95336,5942
7476185,1/1/2010 8:39,1314,1140,$37.36 ,Swipe Transaction,24823,New Braunfels,TX,78130,7538
7476186,1/1/2010 8:40,332,5816,$44.96 ,Swipe Transaction,32858,Indianapolis,IN,46240,5311
7476187,1/1/2010 8:40,914,2859,($57.00),Swipe Transaction,59935,Wichita,KS,67212,5499
7476188,1/1/2010 8:40,1596,21,$55.89 ,Online Transaction,15143,ONLINE,,,4784
7476190,1/1/2010 8:41,460,4534,$8.60 ,Swipe Transaction,12280,Hartsdale,NY,10530,5812
7476191,1/1/2010 8:41,538,4161,$3.37 ,Swipe Transaction,98648,Winterville,NC,28590,5814
7476192,1/1/2010 8:41,802,5432,$10.67 ,Swipe Transaction,87625,Roseville,CA,95661,5812
7476194,1/1/2010 8:42,80,4492,$2.43 ,Swipe Transaction,32066,Deshler,OH,43516,5411
7476195,1/1/2010 8:42,542,4195,($91.00),Swipe Transaction,22204,Oklahoma City,OK,73114,5541
7476196,1/1/2010 8:42,914,2859,$57.00 ,Swipe Transaction,59935,Wichita,KS,67212,5499
7476197,1/1/2010 8:42,1102,2822,$10.30 ,Swipe Transaction,68671,Tulsa,OK,74137,5541
7476198,1/1/2010 8:42,1407,5966,$6.94 ,Swipe Transaction,88646,Bessemer,AL,35023,5812
7476200,1/1/2010 8:43,94,2890,$28.22 ,Online Transaction,39021,ONLINE,,,4784
7476201,1/1/2010 8:43,165,5146,$120.00 ,Swipe Transaction,27092,Oakland,CA,94619,4829
7476202,1/1/2010 8:43,1398,4930,$1.42 ,Swipe Transaction,35451,Passaic,NJ,7055,5812
7476203,1/1/2010 8:43,1432,4958,$243.56 ,Swipe Transaction,10001,Lake Hopatcong,NJ,7849,5932
7476204,1/1/2010 8:44,474,5114,$13.44 ,Swipe Transaction,35451,Williston Park,NY,11596,5812
7476205,1/1/2010 8:44,1411,1069,($53.00),Swipe Transaction,61195,Saint Charles,IL,60174,5541
7476206,1/1/2010 8:45,135,2808,$43.46 ,Online Transaction,39021,ONLINE,,,4784
7476207,1/1/2010 8:45,375,3354,$1.23 ,Swipe Transaction,86438,Statesville,NC,28625,5499
7476208,1/1/2010 8:45,1241,3724,$100.00 ,Swipe Transaction,27092,Lebanon,IN,46052,4829
7476209,1/1/2010 8:46,1411,1069,$61.28 ,Swipe Transaction,61195,Saint Charles,IL,60174,5541
7476210,1/1/2010 8:47,257,3816,$80.00 ,Swipe Transaction,27092,North Hollywood,CA,91605,4829
7476211,1/1/2010 8:47,1018,3022,$80.00 ,Swipe Transaction,27092,Palm Coast,FL,32137,4829
7476212,1/1/2010 8:48,146,2470,$89.95 ,Swipe Transaction,32175,Brookfield,IL,60513,7538
7476213,1/1/2010 8:48,430,150,$7.53 ,Swipe Transaction,46417,Crown Point,IN,46307,5411
7476214,1/1/2010 8:48,797,2839,$5.33 ,Swipe Transaction,88646,Honolulu,HI,96826,5812
7476215,1/1/2010 8:48,1451,250,$89.95 ,Swipe Transaction,75781,Playa Vista,CA,90094,5411
7476216,1/1/2010 8:49,668,5778,$55.30 ,Swipe Transaction,20561,Madison,GA,30650,5912
7476218,1/1/2010 8:49,1963,3364,$27.29 ,Online Transaction,16798,ONLINE,,,4121
7476219,1/1/2010 8:49,1992,5476,$27.23 ,Swipe Transaction,24823,Portageville,MO,63873,7538
7476221,1/1/2010 8:50,621,4944,$8.57 ,Swipe Transaction,92883,Daytona Beach,FL,32117,5812
7476222,1/1/2010 8:50,860,5412,$60.00 ,Swipe Transaction,27092,Silver Spring,MD,20901,4829
7476223,1/1/2010 8:50,1116,5559,$16.63 ,Online Transaction,39261,ONLINE,,,5815
7476224,1/1/2010 8:50,1299,3913,$2.25 ,Swipe Transaction,55060,Seymour,IN,47274,5812
7476226,1/1/2010 8:50,1600,5050,$3.85 ,Swipe Transaction,44919,Kirkland,WA,98033,5814
7476227,1/1/2010 8:50,1972,5539,$3.22 ,Swipe Transaction,92883,Cleveland,OH,44105,5812
7476229,1/1/2010 8:51,65,4585,$1.88 ,Swipe Transaction,30317,West Columbia,SC,29172,5411
7476231,1/1/2010 8:52,474,3844,$0.52 ,Swipe Transaction,98648,Williston Park,NY,11596,5814
7476232,1/1/2010 8:52,1238,1195,$77.66 ,Swipe Transaction,83860,Arlington,VA,22203,7538
7476233,1/1/2010 8:52,1250,5419,$13.64 ,Swipe Transaction,74772,Everett,PA,15537,5300
7476234,1/1/2010 8:52,1294,2591,$94.56 ,Online Transaction,9932,ONLINE,,,5311
7476235,1/1/2010 8:53,4,4201,$17.37 ,Swipe Transaction,43293,Seattle,WA,98122,5499
7476236,1/1/2010 8:53,250,2914,$3.61 ,Swipe Transaction,20519,Lebanon,OR,97355,5942
7476237,1/1/2010 8:54,542,4195,$45.18 ,Swipe Transaction,22204,Oklahoma City,OK,73114,5541
7476238,1/1/2010 8:54,728,1174,$6.50 ,Swipe Transaction,61195,Independence,MO,64050,5541
7476239,1/1/2010 8:55,277,4264,$2.48 ,Swipe Transaction,61195,Grenada,MS,38901,5541
7476240,1/1/2010 8:55,782,2216,$53.58 ,Swipe Transaction,32175,Holgate,OH,43527,7538
7476241,1/1/2010 8:55,1449,1003,$3.01 ,Swipe Transaction,83229,Warner Robins,GA,31095,5411
7476243,1/1/2010 8:56,789,4523,$68.48 ,Swipe Transaction,86616,Millville,NJ,8332,4814
7476244,1/1/2010 8:56,964,2593,$0.86 ,Swipe Transaction,50783,Teaneck,NJ,7666,5411
7476245,1/1/2010 8:56,1562,168,$6.40 ,Swipe Transaction,30928,Jay,OK,74346,5541
7476246,1/1/2010 8:57,416,2399,$39.08 ,Swipe Transaction,2414,Nashville,TN,37211,7538
7476247,1/1/2010 8:57,502,2018,$0.20 ,Swipe Transaction,14528,Rural Valley,PA,16249,5499
7476248,1/1/2010 8:57,909,4663,$44.61 ,Online Transaction,88998,ONLINE,,,4784
7476249,1/1/2010 8:57,1807,2823,$28.07 ,Online Transaction,39021,ONLINE,,,4784
7476252,1/1/2010 8:58,828,4235,$16.17 ,Swipe Transaction,18014,San Antonio,TX,78217,4121
7476253,1/1/2010 8:58,1296,3708,$16.41 ,Online Transaction,16798,ONLINE,,,4121
7476254,1/1/2010 8:58,1348,4982,$1.21 ,Swipe Transaction,75781,Brooklyn,NY,11215,5411
7476255,1/1/2010 8:58,1509,3685,$2.06 ,Swipe Transaction,20519,Frederick,MD,21702,5942
7476257,1/1/2010 8:58,1812,2531,$62.82 ,Swipe Transaction,31893,North Little Rock,AR,72116,5311
7476258,1/1/2010 8:59,4,4201,($66.00),Swipe Transaction,43293,Seattle,WA,98122,5499
7476259,1/1/2010 8:59,554,3912,$4.97 ,Swipe Transaction,75781,League City,TX,77573,5411
7476260,1/1/2010 8:59,602,5979,$2.56 ,Swipe Transaction,98648,Reidsville,NC,27320,5814
7476261,1/1/2010 8:59,804,5986,$9.85 ,Swipe Transaction,88646,Houston,TX,77086,5812
7476262,1/1/2010 8:59,1127,4605,$18.06 ,Swipe Transaction,20561,Naples,FL,34105,5912
7476263,1/1/2010 8:59,1902,4286,$33.10 ,Online Transaction,39021,ONLINE,,,4784
7476264,1/1/2010 8:59,1966,4087,$11.53 ,Swipe Transaction,50783,Piggott,AR,72454,5411
7476267,1/1/2010 9:01,250,2793,$3.64 ,Swipe Transaction,75936,Lebanon,OR,97355,5814
7476268,1/1/2010 9:01,1116,5559,$13.89 ,Online Transaction,39021,ONLINE,,,4784
7476269,1/1/2010 9:01,1236,5815,$4.90 ,Swipe Transaction,45926,Colorado Springs,CO,80915,5814
7476271,1/1/2010 9:01,1525,4257,$2.36 ,Swipe Transaction,44919,Arcadia,LA,71001,5814
7476273,1/1/2010 9:02,1177,4164,$7.99 ,Swipe Transaction,61195,Newark,DE,19711,5541
7476274,1/1/2010 9:02,1208,2449,$7.83 ,Swipe Transaction,21369,Lewistown,PA,17044,5411
7476275,1/1/2010 9:02,1234,22,$15.77 ,Online Transaction,18563,ONLINE,,,4121
7476276,1/1/2010 9:02,1253,2561,$54.23 ,Swipe Transaction,46474,New York,NY,10012,7538
7476277,1/1/2010 9:02,1294,2591,$72.08 ,Swipe Transaction,69956,Union,NJ,7083,5310
7476278,1/1/2010 9:02,1919,1215,$143.69 ,Swipe Transaction,71883,Dallas,TX,75208,3405
7476280,1/1/2010 9:03,692,2073,$20.29 ,Swipe Transaction,34125,Almont,MI,48003,5813
7476283,1/1/2010 9:03,1331,5027,$1.15 ,Swipe Transaction,28644,Olympia,WA,98516,5812
7476284,1/1/2010 9:04,461,5482,$107.12 ,Swipe Transaction,87655,Canton,MI,48188,5310
7476285,1/1/2010 9:04,619,4519,$127.48 ,Swipe Transaction,94597,Rochester,MN,55901,5411
7476286,1/1/2010 9:04,859,233,$2.90 ,Swipe Transaction,45926,Cookeville,TN,38501,5814
7476288,1/1/2010 9:04,1190,5358,$4.13 ,Swipe Transaction,41260,Summerville,SC,29485,5541
7476289,1/1/2010 9:04,1437,5818,$3.16 ,Swipe Transaction,30896,Belfair,WA,98528,5411
7476290,1/1/2010 9:04,1448,4685,$34.33 ,Online Transaction,39021,ONLINE,,,4784
7476291,1/1/2010 9:04,1666,993,$23.65 ,Online Transaction,39021,ONLINE,,,4784
7476292,1/1/2010 9:04,1956,2451,$10.21 ,Swipe Transaction,69956,Anaheim,CA,92804,5310
7476294,1/1/2010 9:05,615,5479,$80.00 ,Swipe Transaction,27092,Channelview,TX,77530,4829
7476295,1/1/2010 9:05,1629,4290,$19.14 ,Online Transaction,50404,ONLINE,,,4784
7476296,1/1/2010 9:06,165,5146,$120.00 ,Swipe Transaction,27092,Oakland,CA,94619,4829
7476297,1/1/2010 9:06,248,1030,$27.33 ,Swipe Transaction,83229,Tampa,FL,33610,5411
7476298,1/1/2010 9:06,416,180,$2.29 ,Swipe Transaction,61195,Nashville,TN,37211,5541
7476299,1/1/2010 9:06,554,2424,$3.53 ,Swipe Transaction,78081,La Porte,TX,77571,5411
7476300,1/1/2010 9:06,556,2,$45.72 ,Swipe Transaction,73838,Barberton,OH,44203,5211
7476301,1/1/2010 9:06,997,5046,$13.46 ,Swipe Transaction,50783,Jamul,CA,91935,5411
7476302,1/1/2010 9:06,1718,2029,$52.94 ,Online Transaction,15143,ONLINE,,,4784
7476303,1/1/2010 9:06,1897,4948,$12.86 ,Swipe Transaction,50783,Huntington Station,NY,11746,5411
7476304,1/1/2010 9:07,133,2198,$23.49 ,Online Transaction,39021,ONLINE,,,4784
7476305,1/1/2010 9:07,361,4703,($57.00),Swipe Transaction,22204,Hawthorne,CA,90250,5541
7476306,1/1/2010 9:07,820,3311,$5.22 ,Swipe Transaction,50783,Harwich,MA,2645,5411
7476307,1/1/2010 9:07,1227,122,$3.68 ,Swipe Transaction,44578,Plymouth,MI,48170,5812
7476308,1/1/2010 9:08,361,4703,$19.40 ,Swipe Transaction,22204,Hawthorne,CA,90250,5541
7476309,1/1/2010 9:08,1634,2464,$4.64 ,Swipe Transaction,72225,Alamo,TX,78516,5411
7476310,1/1/2010 9:08,1725,3296,$1.01 ,Swipe Transaction,75936,Henrico,VA,23228,5814
7476312,1/1/2010 9:09,870,1039,$2.31 ,Swipe Transaction,46097,Waldorf,MD,20603,5812
7476314,1/1/2010 9:09,1356,4752,$4.31 ,Swipe Transaction,86968,Colfax,WI,54730,5812
7476315,1/1/2010 9:09,1517,2985,$5.67 ,Swipe Transaction,61195,Vienna,VA,22182,5541
7476316,1/1/2010 9:09,1671,5785,$7.62 ,Swipe Transaction,50783,Tampa,FL,33615,5411
7476317,1/1/2010 9:09,1817,2530,$2.68 ,Swipe Transaction,50783,Pearland,TX,77584,5411
7476318,1/1/2010 9:10,714,2616,$4.76 ,Swipe Transaction,20519,Hillsboro,OR,97123,5942
7476319,1/1/2010 9:10,822,2558,$0.21 ,Swipe Transaction,59935,Chula Vista,CA,91911,5499
7476321,1/1/2010 9:10,1963,3317,$10.18 ,Swipe Transaction,88852,Vacaville,CA,95687,4121
7476322,1/1/2010 9:11,64,5429,$8.44 ,Swipe Transaction,72351,Ocoee,FL,34761,5541
7476323,1/1/2010 9:11,831,4156,$41.30 ,Swipe Transaction,73661,Thackerville,OK,73459,7995
7476326,1/1/2010 9:12,156,4604,$3.81 ,Swipe Transaction,26810,Kamas,UT,84036,5541
7476327,1/1/2010 9:12,465,2433,$1.81 ,Swipe Transaction,20519,Nicholson,GA,30565,5942
7476328,1/1/2010 9:12,1063,2015,$2.20 ,Swipe Transaction,43149,Rochelle,IL,61068,5812
7476329,1/1/2010 9:12,1459,3383,($78.00),Swipe Transaction,43293,Albuquerque,NM,87121,5499
7476330,1/1/2010 9:13,37,1183,$60.00 ,Swipe Transaction,27092,Skaneateles Falls,NY,13153,4829
7476331,1/1/2010 9:13,351,1112,$1.72 ,Swipe Transaction,90329,Flushing,NY,11355,5411
7476332,1/1/2010 9:13,828,4235,$20.14 ,Online Transaction,16798,ONLINE,,,4121
7476333,1/1/2010 9:13,1449,1188,$3.85 ,Swipe Transaction,75936,Warner Robins,GA,31093,5814
7476334,1/1/2010 9:14,917,3410,$0.88 ,Swipe Transaction,12014,Alhambra,CA,91803,5814
7476335,1/1/2010 9:14,1028,2878,$41.76 ,Swipe Transaction,61195,Chicago,IL,60622,5541
7476336,1/1/2010 9:14,1459,3383,$48.27 ,Swipe Transaction,43293,Albuquerque,NM,87121,5499
7476338,1/1/2010 9:15,39,2039,$56.73 ,Online Transaction,39021,ONLINE,,,4784
7476339,1/1/2010 9:15,335,5131,$6.03 ,Swipe Transaction,75781,Palm Beach Gardens,FL,33410,5411
7476341,1/1/2010 9:15,1534,4250,$31.57 ,Online Transaction,16798,ONLINE,,,4121
7476342,1/1/2010 9:15,1660,3234,$6.13 ,Swipe Transaction,89100,Goodwell,OK,73939,5812
7476343,1/1/2010 9:16,63,60,$9.29 ,Swipe Transaction,50783,Newark,NJ,7103,5411
7476344,1/1/2010 9:16,506,2060,$79.76 ,Swipe Transaction,14801,Lake View,NY,14085,5655
7476345,1/1/2010 9:16,905,5087,$7.99 ,Swipe Transaction,69972,San Mateo,CA,94404,5814
7476346,1/1/2010 9:16,1463,5499,$8.64 ,Swipe Transaction,75781,Freehold,NY,12431,5411
7476348,1/1/2010 9:16,1972,2075,$3.04 ,Swipe Transaction,75781,Cleveland,OH,44104,5411
7476349,1/1/2010 9:17,80,4492,$3.76 ,Swipe Transaction,90401,Deshler,OH,43516,5812
7476350,1/1/2010 9:17,733,3707,$120.00 ,Swipe Transaction,27092,San Angelo,TX,76903,4829
7476351,1/1/2010 9:17,885,5086,$0.28 ,Swipe Transaction,14528,Crane,MO,65633,5499
7476352,1/1/2010 9:18,480,2929,$3.21 ,Swipe Transaction,73250,Walnut Creek,CA,94598,5411
7476353,1/1/2010 9:18,1028,2878,($71.00),Swipe Transaction,61195,Chicago,IL,60622,5541
7476354,1/1/2010 9:18,1079,2842,$61.89 ,Swipe Transaction,53692,Rockville Centre,NY,11570,7538
7476356,1/1/2010 9:19,207,2143,$8.85 ,Swipe Transaction,12780,Danville,VA,24541,5411
7476357,1/1/2010 9:19,573,3268,$1.48 ,Swipe Transaction,86438,Thomson,GA,30824,5499
7476358,1/1/2010 9:19,1066,1126,$4.86 ,Swipe Transaction,98374,Earlington,PA,18918,5411
7476359,1/1/2010 9:20,361,4703,$57.00 ,Swipe Transaction,22204,Hawthorne,CA,90250,5541
7476360,1/1/2010 9:20,474,2218,$10.84 ,Swipe Transaction,48245,Williston Park,NY,11596,5651
7476361,1/1/2010 9:20,563,5074,$3.54 ,Swipe Transaction,94434,Cochranville,PA,19330,5411
7476362,1/1/2010 9:20,1170,4592,$3.25 ,Swipe Transaction,92445,Mount Pleasant,NC,28124,5411
7476363,1/1/2010 9:21,1412,3436,$2.49 ,Swipe Transaction,98648,Bowling Green,KY,42103,5814
7476366,1/1/2010 9:21,1759,4232,$2.23 ,Swipe Transaction,17812,Oceanside,CA,92057,5411
7476367,1/1/2010 9:21,1858,2146,$2.55 ,Swipe Transaction,75936,Pacoima,CA,91331,5814
7476368,1/1/2010 9:21,1995,190,$45.84 ,Swipe Transaction,81536,York,PA,17406,5310
7476369,1/1/2010 9:22,87,109,$3.24 ,Swipe Transaction,15193,San Benito,TX,78586,5655
7476370,1/1/2010 9:22,421,2177,$2.02 ,Swipe Transaction,75781,Cedar Rapids,IA,52405,5411
7476371,1/1/2010 9:22,1459,3383,$78.00 ,Swipe Transaction,43293,Albuquerque,NM,87121,5499
7476372,1/1/2010 9:22,1540,3763,$47.94 ,Online Transaction,39021,ONLINE,,,4784
7476373,1/1/2010 9:23,973,3833,$8.71 ,Swipe Transaction,98374,Crenshaw,MS,38621,5411
7476374,1/1/2010 9:23,1133,2586,$6.25 ,Swipe Transaction,21003,North Chili,NY,14514,5411
7476375,1/1/2010 9:24,1528,4315,$80.00 ,Swipe Transaction,27092,Shreveport,LA,71108,4829
7476376,1/1/2010 9:24,1576,2480,$6.43 ,Swipe Transaction,44578,Mastic Beach,NY,11951,5812
7476377,1/1/2010 9:24,1595,2472,$1.57 ,Swipe Transaction,14528,Bronx,NY,10463,5499
7476378,1/1/2010 9:25,47,5381,$1.49 ,Swipe Transaction,83229,Huntington,WV,25704,5411
7476379,1/1/2010 9:25,634,3375,$8.62 ,Swipe Transaction,8489,Independence,OH,44131,5812
7476382,1/1/2010 9:26,1274,24,$150.45 ,Swipe Transaction,79847,Pascoag,RI,2859,5300
7476384,1/1/2010 9:26,1586,1122,$10.95 ,Swipe Transaction,75936,Valley Stream,NY,11580,5814
7476385,1/1/2010 9:26,1659,185,$27.72 ,Swipe Transaction,63683,Wauconda,IL,60084,4121
7476386,1/1/2010 9:27,142,1046,$27.69 ,Swipe Transaction,20561,Bastrop,TX,78602,5912
7476388,1/1/2010 9:27,373,4750,$3.68 ,Swipe Transaction,23233,Geneva,IN,46740,5411
7476389,1/1/2010 9:27,849,3823,$11.88 ,Swipe Transaction,59397,Philadelphia,PA,19116,5812
7476391,1/1/2010 9:27,1028,2878,$71.00 ,Swipe Transaction,61195,Chicago,IL,60622,5541
7476393,1/1/2010 9:27,1253,3841,$103.96 ,Swipe Transaction,60569,New York,NY,10012,5300
7476395,1/1/2010 9:27,1993,70,$1.46 ,Swipe Transaction,44919,Sunnyvale,CA,94087,5814
7476396,1/1/2010 9:28,386,3673,$6.01 ,Swipe Transaction,61195,Worcester,MA,1603,5541
7476397,1/1/2010 9:28,1909,1136,$125.85 ,Online Transaction,32480,ONLINE,,,4899
7476398,1/1/2010 9:29,1458,117,$5.63 ,Swipe Transaction,61195,New Orleans,LA,70119,5541
7476399,1/1/2010 9:29,1591,2056,$5.97 ,Swipe Transaction,50783,Omaha,NE,68114,5411
7476401,1/1/2010 9:30,408,2515,$12.17 ,Swipe Transaction,25717,Barron,WI,54812,5812
7476402,1/1/2010 9:30,452,4249,$4.19 ,Swipe Transaction,20519,Huntsville,TX,77320,5942
7476403,1/1/2010 9:30,1072,201,$8.17 ,Swipe Transaction,27583,Falmouth,MA,2540,5411
7476405,1/1/2010 9:31,59,1145,$27.78 ,Swipe Transaction,28395,Silver City,NM,88062,5541
7476406,1/1/2010 9:31,145,5521,$57.29 ,Online Transaction,73186,ONLINE,,,4814
7476407,1/1/2010 9:31,430,150,$4.84 ,Swipe Transaction,88646,Crown Point,IN,46307,5812
7476408,1/1/2010 9:31,1130,2446,$1.54 ,Swipe Transaction,59935,Federal Way,WA,98003,5499
7476410,1/1/2010 9:31,1910,5505,$144.34 ,Swipe Transaction,30286,Bradenton,FL,34203,4814
7476412,1/1/2010 9:33,912,3845,$12.11 ,Swipe Transaction,59935,Miami,FL,33186,5499
7476413,1/1/2010 9:33,1194,4614,$19.53 ,Online Transaction,39021,ONLINE,,,4784
7476415,1/1/2010 9:34,421,4153,$2.50 ,Swipe Transaction,75781,Cedar Rapids,IA,52405,5411
7476417,1/1/2010 9:34,820,3311,$5.23 ,Swipe Transaction,50783,Harwich,MA,2645,5411
7476418,1/1/2010 9:34,917,3410,$0.75 ,Swipe Transaction,75567,Alhambra,CA,91803,5411
7476419,1/1/2010 9:34,1253,2561,$100.79 ,Swipe Transaction,37372,New York,NY,10012,7538
7476420,1/1/2010 9:34,1797,1127,$21.14 ,Swipe Transaction,59935,Kailua,HI,96734,5499
7476421,1/1/2010 9:35,811,2079,$13.02 ,Swipe Transaction,89589,Saint Louis,MO,63125,5411
7476422,1/1/2010 9:35,1076,1021,($96.00),Swipe Transaction,61195,Fayetteville,NC,28306,5541
7476423,1/1/2010 9:35,1209,3387,$13.86 ,Swipe Transaction,22938,Yonkers,NY,10710,5812
7476424,1/1/2010 9:35,1461,2090,$2.40 ,Swipe Transaction,50783,Clinton,OH,44216,5411
7476425,1/1/2010 9:35,1808,4702,$32.28 ,Online Transaction,41122,ONLINE,,,4784
7476427,1/1/2010 9:35,1977,965,$0.61 ,Swipe Transaction,14528,Dyer,IN,46311,5499
7476429,1/1/2010 9:36,285,3442,$3.08 ,Swipe Transaction,75781,Watsonville,CA,95076,5411
7476430,1/1/2010 9:36,750,3250,$100.00 ,Swipe Transaction,27092,Charlotte,NC,28215,4829
7476432,1/1/2010 9:36,1645,1047,$4.16 ,Swipe Transaction,68671,Smith Center,KS,66967,5541
7476433,1/1/2010 9:36,1797,1127,$99.00 ,Swipe Transaction,59935,Kailua,HI,96734,5499
7476434,1/1/2010 9:37,442,112,$186.26 ,Swipe Transaction,73661,Thackerville,OK,73459,7995
7476435,1/1/2010 9:37,514,2155,$2.82 ,Swipe Transaction,44919,Melbourne,FL,32901,5814
7476436,1/1/2010 9:37,1076,1021,$96.00 ,Swipe Transaction,61195,Fayetteville,NC,28306,5541
7476437,1/1/2010 9:37,1302,5464,($230.00),Swipe Transaction,58730,Glade Spring,VA,24340,7011
7476438,1/1/2010 9:37,1776,4938,$40.66 ,Swipe Transaction,61195,Nashport,OH,43830,5541
7476439,1/1/2010 9:38,1302,5464,$55.36 ,Swipe Transaction,58730,Glade Spring,VA,24340,7011
7476440,1/1/2010 9:38,1575,2112,$10.38 ,Swipe Transaction,61195,Sarasota,FL,34232,5541
7476441,1/1/2010 9:39,1115,4225,$24.42 ,Swipe Transaction,13370,Tyler,TX,75706,5621
7476442,1/1/2010 9:39,1194,4614,$21.64 ,Swipe Transaction,69956,Chattanooga,TN,37421,5310
7476443,1/1/2010 9:39,1516,1002,$17.24 ,Swipe Transaction,49239,Milpitas,CA,95035,5813
7476444,1/1/2010 9:39,1962,3371,$0.31 ,Swipe Transaction,20519,Chicago,IL,60625,5942
7476445,1/1/2010 9:40,506,4513,$2.02 ,Swipe Transaction,50783,Lancaster,NY,14086,5411
7476448,1/1/2010 9:40,1398,4930,$105.26 ,Swipe Transaction,20561,Parsippany,NJ,7054,5912
7476449,1/1/2010 9:40,1412,3436,$4.84 ,Swipe Transaction,39637,Bowling Green,KY,42103,5411
7476450,1/1/2010 9:41,451,3768,$67.49 ,Swipe Transaction,18131,Garland,TX,75043,4111
7476451,1/1/2010 9:41,716,4715,$3.95 ,Swipe Transaction,59935,Banning,CA,92220,5499
7476452,1/1/2010 9:41,1150,2551,$4.20 ,Swipe Transaction,15715,Hurst,TX,76054,5411
7476453,1/1/2010 9:41,1645,5878,$78.37 ,Swipe Transaction,68671,Smith Center,KS,66967,5541
7476455,1/1/2010 9:41,1725,2238,$62.42 ,Swipe Transaction,61195,Henrico,VA,23228,5541
7476454,1/1/2010 9:41,1725,2238,($64.00),Swipe Transaction,61195,Henrico,VA,23228,5541
7476456,1/1/2010 9:41,1733,5013,$4.07 ,Swipe Transaction,20519,Paducah,KY,42003,5942
7476457,1/1/2010 9:41,1772,5918,$8.82 ,Swipe Transaction,12029,Rancho Cucamonga,CA,91730,5411
7476458,1/1/2010 9:41,1791,4587,$20.08 ,Swipe Transaction,99340,Indianapolis,IN,46235,4121
7476459,1/1/2010 9:42,509,3446,$8.48 ,Swipe Transaction,98374,Huntington,WV,25711,5411
7476460,1/1/2010 9:42,566,3439,$13.60 ,Swipe Transaction,22204,Manning,SC,29102,5541
7476461,1/1/2010 9:42,860,5412,$40.00 ,Swipe Transaction,27092,Silver Spring,MD,20901,4829
7476462,1/1/2010 9:42,1052,5460,$2.32 ,Swipe Transaction,20519,Vallejo,CA,94591,5942
7476464,1/1/2010 9:43,401,3004,$5.25 ,Swipe Transaction,61195,North Hollywood,CA,91605,5541
7476465,1/1/2010 9:43,901,3729,$3.42 ,Swipe Transaction,83229,Pensacola,FL,32511,5411
7476466,1/1/2010 9:43,1776,4938,$81.00 ,Swipe Transaction,61195,Nashport,OH,43830,5541
7476467,1/1/2010 9:43,1782,4289,$2.55 ,Swipe Transaction,59935,Westminster,CA,92683,5499
7476468,1/1/2010 9:43,1915,2113,$7.11 ,Swipe Transaction,75781,Monroe,NY,10950,5411
7476469,1/1/2010 9:44,877,3877,$81.80 ,Swipe Transaction,96642,Mesa,AZ,85201,5912
7476470,1/1/2010 9:44,1067,3016,$13.19 ,Swipe Transaction,5508,Derby,KS,67037,4121
7476471,1/1/2010 9:44,1755,4126,$41.75 ,Online Transaction,39021,ONLINE,,,4784
7476472,1/1/2010 9:44,1777,5014,$3.92 ,Swipe Transaction,25887,Annandale,VA,22003,5814
7476473,1/1/2010 9:45,142,1046,$92.84 ,Swipe Transaction,99370,Cedar Park,TX,78613,5311
7476474,1/1/2010 9:45,351,1112,$2.81 ,Swipe Transaction,78454,Flushing,NY,11355,5812
7476475,1/1/2010 9:45,386,3673,$50.10 ,Swipe Transaction,3632,Worcester,MA,1602,7538
7476476,1/1/2010 9:45,1771,5937,$77.00 ,Swipe Transaction,43293,Shingle Springs,CA,95682,5499
7476477,1/1/2010 9:46,1296,80,$11.83 ,Swipe Transaction,20519,Sanford,FL,32773,5942
7476479,1/1/2010 9:47,128,5048,$12.03 ,Swipe Transaction,50783,Houston,TX,77061,5411
7476480,1/1/2010 9:47,831,4156,$30.31 ,Swipe Transaction,73661,Thackerville,OK,73459,7995
7476481,1/1/2010 9:47,1250,5419,$2.72 ,Swipe Transaction,54562,Everett,PA,15537,5411
7476482,1/1/2010 9:48,1718,4706,$42.95 ,Online Transaction,15143,ONLINE,,,4784
7476483,1/1/2010 9:48,1776,4938,($81.00),Swipe Transaction,61195,Nashport,OH,43830,5541
7476484,1/1/2010 9:49,231,4221,$80.00 ,Swipe Transaction,27092,Newton Grove,NC,28366,4829
7476485,1/1/2010 9:49,1403,5976,$36.78 ,Swipe Transaction,75227,Beaverdam,VA,23015,4121
7476486,1/1/2010 9:49,1497,3655,$66.47 ,Swipe Transaction,86959,Springwater,NY,14560,5311
7476487,1/1/2010 9:50,126,5872,$20.04 ,Swipe Transaction,32595,Little Rock,AR,72209,7538
7476488,1/1/2010 9:50,357,5481,$69.72 ,Online Transaction,84682,ONLINE,,,4900
7476489,1/1/2010 9:50,1305,2229,$9.07 ,Swipe Transaction,3668,Millington,TN,38053,5912
7476490,1/1/2010 9:50,1725,2238,$64.00 ,Swipe Transaction,61195,Henrico,VA,23228,5541
7476491,1/1/2010 9:51,1514,78,$1.79 ,Swipe Transaction,89024,Elyria,OH,44035,5812
7476493,1/1/2010 9:52,177,1152,$183.35 ,Swipe Transaction,86616,Memphis,TN,38104,4814
7476494,1/1/2010 9:52,683,5990,$2.18 ,Swipe Transaction,22938,Grampian,PA,16838,5812
7476495,1/1/2010 9:52,1645,5878,($80.00),Swipe Transaction,68671,Smith Center,KS,66967,5541
7476496,1/1/2010 9:52,1771,5937,$61.69 ,Swipe Transaction,43293,Shingle Springs,CA,95682,5499
7476498,1/1/2010 9:53,763,4993,$3.13 ,Swipe Transaction,45926,Philadelphia,PA,19103,5814
7476499,1/1/2010 9:54,663,975,$9.44 ,Swipe Transaction,98374,Franklin,TN,37068,5411
7476500,1/1/2010 9:54,772,3678,$2.05 ,Swipe Transaction,14528,Gresham,OR,97080,5499
7476501,1/1/2010 9:54,1087,1029,$6.82 ,Swipe Transaction,22204,Stanford,KY,40484,5541
7476502,1/1/2010 9:55,142,5140,$9.60 ,Swipe Transaction,50783,Elgin,TX,78621,5411
7476503,1/1/2010 9:55,247,2137,$96.46 ,Swipe Transaction,50783,Lake Charles,LA,70605,5411
7476506,1/1/2010 9:55,1645,5878,$80.00 ,Swipe Transaction,68671,Smith Center,KS,66967,5541
7476507,1/1/2010 9:56,343,1091,$2.77 ,Swipe Transaction,28325,Manteca,CA,95337,5411
7476508,1/1/2010 9:56,373,2817,$2.49 ,Swipe Transaction,69831,Grabill,IN,46741,5812
7476509,1/1/2010 9:56,526,4522,$9.92 ,Swipe Transaction,75781,Miami,FL,33134,5411
7476510,1/1/2010 9:56,1591,2056,$43.45 ,Swipe Transaction,22762,Omaha,NE,68108,7996
7476511,1/1/2010 9:56,1855,5967,$11.83 ,Swipe Transaction,50867,San Jose,CA,95121,5541
7476512,1/1/2010 9:56,1903,2973,$4.02 ,Swipe Transaction,9109,Seattle,WA,98117,5411
7476514,1/1/2010 9:57,1269,4239,$8.49 ,Swipe Transaction,25887,Chicago,IL,60616,5814
